t,id,range_m,side_px,reproj_px,cam_x,cam_y,cam_z,map_x,map_y,map_z
171.044,3,4.1420,30.57,0.186,3.7658,1.7218,-0.1014,1.9748,-4.5988,0.0986
214.963,3,1.8278,74.21,0.598,1.6158,0.8489,-0.0974,1.9810,-4.4870,0.1026
215.334,3,1.7533,77.87,0.698,1.5490,0.8155,-0.0977,1.9834,-4.4952,0.1023
218.328,5,2.9970,42.27,0.176,2.7398,1.2107,-0.0985,2.0526,-6.5181,0.1015
218.972,5,2.8317,47.62,0.677,2.4920,1.3414,-0.0956,2.0575,-6.5134,0.1044
223.653,6,4.2568,25.91,1.803,4.2443,0.3197,-0.0686,0.4690,-9.2801,0.1314
223.968,6,4.2962,25.90,0.042,4.2838,0.3209,-0.0617,0.4459,-9.4080,0.1383
224.656,6,4.2013,26.90,0.193,4.1687,0.5189,-0.0621,0.4389,-9.4880,0.1379
229.647,6,4.3075,28.86,1.073,3.9270,1.7675,-0.0986,0.2751,-10.7843,0.1014
230.313,6,4.4517,29.99,1.270,3.9489,2.0529,-0.0967,0.2701,-11.0856,0.1033
281.562,5,4.2021,25.78,1.493,4.1983,0.1639,-0.0694,0.1394,-7.2320,0.1306
281.922,5,4.2021,26.94,0.269,4.1996,0.1298,-0.0624,0.2366,-7.2282,0.1376
285.242,5,4.1073,29.88,1.381,4.0914,0.3522,-0.0814,0.9402,-6.9129,0.1186
285.560,5,4.1587,27.19,0.231,4.1189,0.5693,-0.0755,1.0741,-6.8692,0.1245
287.928,5,4.3143,30.89,1.188,3.8230,1.9972,-0.0967,1.7274,-6.6113,0.1033
302.532,5,2.1237,58.92,0.545,1.9755,0.7733,-0.0970,2.1061,-6.5261,0.1030
302.842,5,2.1988,55.28,1.318,2.1676,0.3561,-0.0965,2.1388,-6.5219,0.1035
303.196,5,2.2711,52.91,1.188,2.2659,-0.1206,-0.0964,2.1634,-6.5261,0.1036
303.548,5,2.3559,54.13,1.629,2.2638,-0.6448,-0.1001,2.2011,-6.5343,0.0999
305.558,5,2.4765,50.90,0.083,2.2693,-0.9867,-0.0982,2.0900,-6.4676,0.1018
305.839,5,2.6287,49.53,1.500,2.4673,-0.9011,-0.1047,2.2127,-6.4440,0.0953
306.228,5,2.6490,47.96,1.726,2.5669,-0.6465,-0.1024,2.2373,-6.4721,0.0976
306.538,5,2.5718,47.54,1.832,2.5378,-0.4041,-0.1022,2.2131,-6.5497,0.0978
306.858,5,2.5718,46.92,1.130,2.5553,-0.2744,-0.0983,2.2147,-6.5412,0.1017
307.228,5,2.6514,46.92,2.036,2.6443,-0.1659,-0.1022,2.2639,-6.4707,0.0978
307.557,5,2.5566,46.92,1.164,2.5542,-0.0511,-0.0983,2.2207,-6.5474,0.1017
307.852,5,2.5833,46.88,1.487,2.5810,0.0492,-0.0981,2.2409,-6.5211,0.1019
308.224,5,2.5851,46.91,1.497,2.5790,0.1479,-0.0981,2.2508,-6.5192,0.1019
308.558,5,2.6258,46.90,1.804,2.6118,0.2506,-0.1024,2.2776,-6.4819,0.0976
308.853,5,2.6199,46.98,1.697,2.5941,0.3517,-0.1024,2.2786,-6.4845,0.0976
309.216,5,2.5185,48.13,1.198,2.4785,0.4358,-0.0984,2.2263,-6.5672,0.1016
309.548,5,2.6119,47.91,1.860,2.5502,0.5550,-0.1023,2.2783,-6.4983,0.0977
309.845,5,2.6050,48.94,2.045,2.5061,0.7036,-0.1009,2.2816,-6.5065,0.0991
310.220,5,2.5787,49.90,1.517,2.3993,0.9398,-0.1001,2.2971,-6.5328,0.0999
310.552,5,2.4138,52.52,0.085,2.1635,1.0661,-0.0943,2.2336,-6.6761,0.1057
379.449,2,2.4405,54.92,0.038,2.2194,-1.0106,-0.0942,3.0740,-11.4339,0.1058
379.803,2,2.4404,52.89,0.006,2.2456,-0.9508,-0.0942,3.0808,-11.4463,0.1058
380.135,2,2.4409,51.88,0.008,2.2714,-0.8889,-0.0941,3.0773,-11.4630,0.1059
380.445,2,2.4273,51.92,0.010,2.2683,-0.8591,-0.0941,3.0734,-11.4571,0.1059
380.803,2,2.4227,50.92,0.084,2.2700,-0.8410,-0.0941,3.0735,-11.4566,0.1059
381.149,2,2.4204,51.92,0.026,2.2672,-0.8424,-0.0941,3.0730,-11.4536,0.1059
381.453,2,2.4204,51.92,0.026,2.2672,-0.8424,-0.0941,3.0757,-11.4527,0.1059
381.808,2,2.4241,50.92,0.088,2.2701,-0.8451,-0.0941,3.0757,-11.4556,0.1059
382.139,2,2.4241,50.92,0.088,2.2701,-0.8451,-0.0941,3.0754,-11.4550,0.1059
382.455,2,2.4222,51.92,0.020,2.2675,-0.8466,-0.0941,3.0752,-11.4526,0.1059
382.800,2,2.4222,51.92,0.020,2.2675,-0.8466,-0.0941,3.0762,-11.4522,0.1059
383.134,2,2.4222,51.92,0.020,2.2675,-0.8466,-0.0941,3.0770,-11.4519,0.1059
383.457,2,2.4256,50.92,0.092,2.2701,-0.8492,-0.0941,3.0749,-11.4551,0.1059
383.797,2,2.4239,51.92,0.015,2.2678,-0.8508,-0.0941,3.0750,-11.4532,0.1059
384.136,2,2.4239,51.92,0.015,2.2678,-0.8508,-0.0941,3.0764,-11.4534,0.1059
384.449,2,2.4256,51.92,0.011,2.2680,-0.8549,-0.0941,3.0755,-11.4551,0.1059
384.810,2,2.4256,51.92,0.011,2.2680,-0.8549,-0.0941,3.0763,-11.4551,0.1059
385.126,2,2.4273,51.92,0.010,2.2683,-0.8591,-0.0941,3.0736,-11.4569,0.1059
385.453,2,2.4273,51.92,0.010,2.2683,-0.8591,-0.0941,3.0754,-11.4567,0.1059
385.801,2,2.4273,51.92,0.010,2.2683,-0.8591,-0.0941,3.0764,-11.4563,0.1059
386.125,2,2.4273,51.92,0.010,2.2683,-0.8591,-0.0941,3.0778,-11.4562,0.1059
386.442,2,2.4273,51.92,0.010,2.2683,-0.8591,-0.0941,3.0769,-11.4561,0.1059
386.800,2,2.4273,51.92,0.010,2.2683,-0.8591,-0.0941,3.0771,-11.4560,0.1059
387.130,2,2.4273,51.92,0.010,2.2683,-0.8591,-0.0941,3.0780,-11.4558,0.1059
387.450,2,2.4273,51.92,0.010,2.2683,-0.8591,-0.0941,3.0790,-11.4557,0.1059
387.801,2,2.4273,51.92,0.010,2.2683,-0.8591,-0.0941,3.0797,-11.4557,0.1059
388.127,2,2.4273,51.92,0.010,2.2683,-0.8591,-0.0941,3.0797,-11.4556,0.1059
388.456,2,2.4300,50.92,0.103,2.2703,-0.8615,-0.0941,3.0783,-11.4584,0.1059
388.789,2,2.4300,50.92,0.103,2.2703,-0.8615,-0.0941,3.0788,-11.4584,0.1059
389.137,2,2.4300,50.92,0.103,2.2703,-0.8615,-0.0941,3.0799,-11.4583,0.1059
389.451,2,2.4290,51.92,0.012,2.2685,-0.8632,-0.0941,3.0783,-11.4574,0.1059
389.807,2,2.4290,51.92,0.012,2.2685,-0.8632,-0.0941,3.0779,-11.4574,0.1059
390.124,2,2.4290,51.92,0.012,2.2685,-0.8632,-0.0941,3.0799,-11.4573,0.1059
390.453,2,2.4290,51.92,0.012,2.2685,-0.8632,-0.0941,3.0812,-11.4574,0.1059
390.803,2,2.4290,51.92,0.012,2.2685,-0.8632,-0.0941,3.0815,-11.4574,0.1059
391.130,2,2.4290,51.92,0.012,2.2685,-0.8632,-0.0941,3.0830,-11.4575,0.1059
391.453,2,2.4290,51.92,0.012,2.2685,-0.8632,-0.0941,3.0840,-11.4576,0.1059
391.808,2,2.4290,51.92,0.012,2.2685,-0.8632,-0.0941,3.0842,-11.4579,0.1059
392.128,2,2.4290,51.92,0.012,2.2685,-0.8632,-0.0941,3.0850,-11.4579,0.1059
392.450,2,2.4290,51.92,0.012,2.2685,-0.8632,-0.0941,3.0847,-11.4580,0.1059
392.802,2,2.4290,51.92,0.012,2.2685,-0.8632,-0.0941,3.0862,-11.4580,0.1059
393.128,2,2.4290,51.92,0.012,2.2685,-0.8632,-0.0941,3.0856,-11.4582,0.1059
393.451,2,2.4290,51.92,0.012,2.2685,-0.8632,-0.0941,3.0856,-11.4583,0.1059
393.800,2,2.4290,51.92,0.012,2.2685,-0.8632,-0.0941,3.0852,-11.4583,0.1059
394.122,2,2.4290,51.92,0.012,2.2685,-0.8632,-0.0941,3.0855,-11.4583,0.1059
394.451,2,2.4290,51.92,0.012,2.2685,-0.8632,-0.0941,3.0857,-11.4583,0.1059
394.791,2,2.4290,51.92,0.012,2.2685,-0.8632,-0.0941,3.0866,-11.4583,0.1059
395.119,2,2.4290,51.92,0.012,2.2685,-0.8632,-0.0941,3.0865,-11.4584,0.1059
395.455,2,2.4290,51.92,0.012,2.2685,-0.8632,-0.0941,3.0865,-11.4584,0.1059
395.801,2,2.4290,51.92,0.012,2.2685,-0.8632,-0.0941,3.0880,-11.4583,0.1059
396.125,2,2.4290,51.92,0.012,2.2685,-0.8632,-0.0941,3.0869,-11.4584,0.1059
396.454,2,2.4290,51.92,0.012,2.2685,-0.8632,-0.0941,3.0872,-11.4584,0.1059
396.794,2,2.4290,51.92,0.012,2.2685,-0.8632,-0.0941,3.0849,-11.4587,0.1059
397.117,2,2.4290,51.92,0.012,2.2685,-0.8632,-0.0941,3.0852,-11.4586,0.1059
397.446,2,2.4290,51.92,0.012,2.2685,-0.8632,-0.0941,3.0841,-11.4587,0.1059
397.798,2,2.4290,51.92,0.012,2.2685,-0.8632,-0.0941,3.0841,-11.4587,0.1059
398.116,2,2.4290,51.92,0.012,2.2685,-0.8632,-0.0941,3.0844,-11.4588,0.1059
398.444,2,2.4290,51.92,0.012,2.2685,-0.8632,-0.0941,3.0847,-11.4587,0.1059
398.792,2,2.4290,51.92,0.012,2.2685,-0.8632,-0.0941,3.0845,-11.4587,0.1059
399.118,2,2.4290,51.92,0.012,2.2685,-0.8632,-0.0941,3.0855,-11.4586,0.1059
399.445,2,2.4290,51.92,0.012,2.2685,-0.8632,-0.0941,3.0855,-11.4587,0.1059
399.795,2,2.4290,51.92,0.012,2.2685,-0.8632,-0.0941,3.0848,-11.4587,0.1059
400.124,2,2.4290,51.92,0.012,2.2685,-0.8632,-0.0941,3.0853,-11.4587,0.1059
400.455,2,2.4290,51.92,0.012,2.2685,-0.8632,-0.0941,3.0847,-11.4587,0.1059
400.756,2,2.4290,51.92,0.012,2.2685,-0.8632,-0.0941,3.0854,-11.4587,0.1059
401.116,2,2.4290,51.92,0.012,2.2685,-0.8632,-0.0941,3.0866,-11.4586,0.1059
401.446,2,2.4290,51.92,0.012,2.2685,-0.8632,-0.0941,3.0871,-11.4586,0.1059
401.761,2,2.4290,51.92,0.012,2.2685,-0.8632,-0.0941,3.0873,-11.4587,0.1059
402.119,2,2.4290,51.92,0.012,2.2685,-0.8632,-0.0941,3.0875,-11.4587,0.1059
402.441,2,2.4290,51.92,0.012,2.2685,-0.8632,-0.0941,3.0884,-11.4587,0.1059
402.749,2,2.4300,50.92,0.103,2.2703,-0.8615,-0.0941,3.0893,-11.4599,0.1059
403.121,2,2.4273,51.92,0.010,2.2683,-0.8591,-0.0941,3.0913,-11.4571,0.1059
403.445,2,2.4273,51.92,0.010,2.2683,-0.8591,-0.0941,3.0913,-11.4571,0.1059
403.754,2,2.4273,51.92,0.010,2.2683,-0.8591,-0.0941,3.0913,-11.4571,0.1059
404.116,2,2.4273,51.92,0.010,2.2683,-0.8591,-0.0941,3.0914,-11.4571,0.1059
404.449,2,2.4273,51.92,0.010,2.2683,-0.8591,-0.0941,3.0925,-11.4570,0.1059
404.761,2,2.4273,51.92,0.010,2.2683,-0.8591,-0.0941,3.0929,-11.4570,0.1059
405.120,2,2.4273,51.92,0.010,2.2683,-0.8591,-0.0941,3.0938,-11.4570,0.1059
405.450,2,2.4273,51.92,0.010,2.2683,-0.8591,-0.0941,3.0934,-11.4570,0.1059
405.756,2,2.4273,51.92,0.010,2.2683,-0.8591,-0.0941,3.0931,-11.4570,0.1059
406.113,2,2.4273,51.92,0.010,2.2683,-0.8591,-0.0941,3.0934,-11.4571,0.1059
406.450,2,2.4273,51.92,0.010,2.2683,-0.8591,-0.0941,3.0933,-11.4571,0.1059
406.740,2,2.4273,51.92,0.010,2.2683,-0.8591,-0.0941,3.0933,-11.4572,0.1059
407.114,2,2.4273,51.92,0.010,2.2683,-0.8591,-0.0941,3.0938,-11.4572,0.1059
407.455,2,2.4273,51.92,0.010,2.2683,-0.8591,-0.0941,3.0937,-11.4571,0.1059
407.763,2,2.4273,51.92,0.010,2.2683,-0.8591,-0.0941,3.0941,-11.4571,0.1059
408.119,2,2.4273,51.92,0.010,2.2683,-0.8591,-0.0941,3.0932,-11.4571,0.1059
408.457,2,2.4273,51.92,0.010,2.2683,-0.8591,-0.0941,3.0937,-11.4571,0.1059
408.752,2,2.4273,51.92,0.010,2.2683,-0.8591,-0.0941,3.0951,-11.4570,0.1059
409.122,2,2.4273,51.92,0.010,2.2683,-0.8591,-0.0941,3.0940,-11.4571,0.1059
409.439,2,2.4273,51.92,0.010,2.2683,-0.8591,-0.0941,3.0941,-11.4571,0.1059
409.752,2,2.4273,51.92,0.010,2.2683,-0.8591,-0.0941,3.0938,-11.4571,0.1059
410.122,2,2.4273,51.92,0.010,2.2683,-0.8591,-0.0941,3.0925,-11.4572,0.1059
410.453,2,2.4273,51.92,0.010,2.2683,-0.8591,-0.0941,3.0931,-11.4571,0.1059
410.768,2,2.4273,51.92,0.010,2.2683,-0.8591,-0.0941,3.0929,-11.4571,0.1059
411.126,2,2.4273,51.92,0.010,2.2683,-0.8591,-0.0941,3.0939,-11.4571,0.1059
411.454,2,2.4273,51.92,0.010,2.2683,-0.8591,-0.0941,3.0944,-11.4570,0.1059
411.766,2,2.4273,51.92,0.010,2.2683,-0.8591,-0.0941,3.0950,-11.4570,0.1059
412.117,2,2.4273,51.92,0.010,2.2683,-0.8591,-0.0941,3.0952,-11.4570,0.1059
412.443,2,2.4273,51.92,0.010,2.2683,-0.8591,-0.0941,3.0959,-11.4570,0.1059
412.749,2,2.4273,51.92,0.010,2.2683,-0.8591,-0.0941,3.0955,-11.4571,0.1059
413.112,2,2.4273,51.92,0.010,2.2683,-0.8591,-0.0941,3.0955,-11.4572,0.1059
413.447,2,2.4273,51.92,0.010,2.2683,-0.8591,-0.0941,3.0959,-11.4573,0.1059
413.756,2,2.4273,51.92,0.010,2.2683,-0.8591,-0.0941,3.0958,-11.4573,0.1059
414.112,2,2.4273,51.92,0.010,2.2683,-0.8591,-0.0941,3.0961,-11.4574,0.1059
414.434,2,2.4273,51.92,0.010,2.2683,-0.8591,-0.0941,3.0963,-11.4574,0.1059
414.757,2,2.4273,51.92,0.010,2.2683,-0.8591,-0.0941,3.0969,-11.4574,0.1059
415.106,2,2.4286,50.92,0.099,2.2702,-0.8574,-0.0941,3.0995,-11.4586,0.1059
415.445,2,2.4256,51.92,0.011,2.2680,-0.8549,-0.0941,3.0998,-11.4558,0.1059
415.753,2,2.4256,51.92,0.011,2.2680,-0.8549,-0.0941,3.0999,-11.4558,0.1059
416.105,2,2.4256,51.92,0.011,2.2680,-0.8549,-0.0941,3.1007,-11.4558,0.1059
416.444,2,2.4256,51.92,0.011,2.2680,-0.8549,-0.0941,3.1009,-11.4558,0.1059
416.762,2,2.4256,51.92,0.011,2.2680,-0.8549,-0.0941,3.1008,-11.4558,0.1059
417.104,2,2.4256,51.92,0.011,2.2680,-0.8549,-0.0941,3.1004,-11.4559,0.1059
417.443,2,2.4256,51.92,0.011,2.2680,-0.8549,-0.0941,3.1002,-11.4559,0.1059
417.753,2,2.4256,51.92,0.011,2.2680,-0.8549,-0.0941,3.1009,-11.4559,0.1059
418.107,2,2.4256,51.92,0.011,2.2680,-0.8549,-0.0941,3.1007,-11.4560,0.1059
418.439,2,2.4256,51.92,0.011,2.2680,-0.8549,-0.0941,3.1010,-11.4560,0.1059
418.758,2,2.4256,51.92,0.011,2.2680,-0.8549,-0.0941,3.1005,-11.4560,0.1059
419.105,2,2.4256,51.92,0.011,2.2680,-0.8549,-0.0941,3.1014,-11.4560,0.1059
419.436,2,2.4256,51.92,0.011,2.2680,-0.8549,-0.0941,3.1016,-11.4559,0.1059
419.754,2,2.4256,51.92,0.011,2.2680,-0.8549,-0.0941,3.1024,-11.4560,0.1059
420.104,2,2.4256,51.92,0.011,2.2680,-0.8549,-0.0941,3.1023,-11.4560,0.1059
420.433,2,2.4256,51.92,0.011,2.2680,-0.8549,-0.0941,3.1020,-11.4561,0.1059
420.759,2,2.4256,51.92,0.011,2.2680,-0.8549,-0.0941,3.1023,-11.4561,0.1059
421.108,2,2.4256,51.92,0.011,2.2680,-0.8549,-0.0941,3.1029,-11.4561,0.1059
421.442,2,2.4256,51.92,0.011,2.2680,-0.8549,-0.0941,3.1021,-11.4561,0.1059
421.758,2,2.4256,51.92,0.011,2.2680,-0.8549,-0.0941,3.1028,-11.4561,0.1059
422.103,2,2.4256,51.92,0.011,2.2680,-0.8549,-0.0941,3.1029,-11.4561,0.1059
422.437,2,2.4256,51.92,0.011,2.2680,-0.8549,-0.0941,3.1029,-11.4562,0.1059
422.757,2,2.4256,51.92,0.011,2.2680,-0.8549,-0.0941,3.1030,-11.4562,0.1059
423.104,2,2.4256,51.92,0.011,2.2680,-0.8549,-0.0941,3.1033,-11.4562,0.1059
423.436,2,2.4256,51.92,0.011,2.2680,-0.8549,-0.0941,3.1037,-11.4561,0.1059
423.761,2,2.4271,50.92,0.096,2.2702,-0.8533,-0.0941,3.1065,-11.4574,0.1059
424.095,2,2.4239,51.92,0.015,2.2678,-0.8508,-0.0941,3.1086,-11.4543,0.1059
424.431,2,2.4239,51.92,0.015,2.2678,-0.8508,-0.0941,3.1081,-11.4544,0.1059
424.761,2,2.4239,51.92,0.015,2.2678,-0.8508,-0.0941,3.1068,-11.4546,0.1059
425.119,2,2.4239,51.92,0.015,2.2678,-0.8508,-0.0941,3.1071,-11.4546,0.1059
425.435,2,2.4239,51.92,0.015,2.2678,-0.8508,-0.0941,3.1077,-11.4546,0.1059
425.754,2,2.4239,51.92,0.015,2.2678,-0.8508,-0.0941,3.1078,-11.4546,0.1059
426.106,2,2.4239,51.92,0.015,2.2678,-0.8508,-0.0941,3.1086,-11.4545,0.1059
426.437,2,2.4239,51.92,0.015,2.2678,-0.8508,-0.0941,3.1090,-11.4545,0.1059
426.754,2,2.4239,51.92,0.015,2.2678,-0.8508,-0.0941,3.1087,-11.4546,0.1059
427.104,2,2.4239,51.92,0.015,2.2678,-0.8508,-0.0941,3.1091,-11.4545,0.1059
427.430,2,2.4239,51.92,0.015,2.2678,-0.8508,-0.0941,3.1088,-11.4545,0.1059
427.760,2,2.4239,51.92,0.015,2.2678,-0.8508,-0.0941,3.1087,-11.4546,0.1059
428.099,2,2.4239,51.92,0.015,2.2678,-0.8508,-0.0941,3.1075,-11.4546,0.1059
428.433,2,2.4239,51.92,0.015,2.2678,-0.8508,-0.0941,3.1076,-11.4547,0.1059
428.755,2,2.4239,51.92,0.015,2.2678,-0.8508,-0.0941,3.1070,-11.4548,0.1059
429.100,2,2.4239,51.92,0.015,2.2678,-0.8508,-0.0941,3.1075,-11.4547,0.1059
429.427,2,2.4239,51.92,0.015,2.2678,-0.8508,-0.0941,3.1076,-11.4547,0.1059
429.752,2,2.4239,51.92,0.015,2.2678,-0.8508,-0.0941,3.1081,-11.4547,0.1059
430.101,2,2.4239,51.92,0.015,2.2678,-0.8508,-0.0941,3.1098,-11.4546,0.1059
430.436,2,2.4239,51.92,0.015,2.2678,-0.8508,-0.0941,3.1093,-11.4547,0.1059
430.753,2,2.4239,51.92,0.015,2.2678,-0.8508,-0.0941,3.1091,-11.4547,0.1059
431.105,2,2.4239,51.92,0.015,2.2678,-0.8508,-0.0941,3.1086,-11.4547,0.1059
431.430,2,2.4239,51.92,0.015,2.2678,-0.8508,-0.0941,3.1098,-11.4546,0.1059
431.761,2,2.4239,51.92,0.015,2.2678,-0.8508,-0.0941,3.1102,-11.4546,0.1059
432.086,2,2.4239,51.92,0.015,2.2678,-0.8508,-0.0941,3.1097,-11.4547,0.1059
432.427,2,2.4256,50.92,0.092,2.2701,-0.8492,-0.0941,3.1129,-11.4563,0.1059
432.761,2,2.4256,50.92,0.092,2.2701,-0.8492,-0.0941,3.1137,-11.4562,0.1059
433.090,2,2.4256,50.92,0.092,2.2701,-0.8492,-0.0941,3.1150,-11.4562,0.1059
433.422,2,2.4222,51.92,0.020,2.2675,-0.8466,-0.0941,3.1157,-11.4529,0.1059
433.758,2,2.4222,51.92,0.020,2.2675,-0.8466,-0.0941,3.1158,-11.4529,0.1059
434.054,2,2.4222,51.92,0.020,2.2675,-0.8466,-0.0941,3.1149,-11.4530,0.1059
434.425,2,2.4222,51.92,0.020,2.2675,-0.8466,-0.0941,3.1146,-11.4530,0.1059
434.752,2,2.4222,51.92,0.020,2.2675,-0.8466,-0.0941,3.1152,-11.4530,0.1059
435.058,2,2.4222,51.92,0.020,2.2675,-0.8466,-0.0941,3.1150,-11.4530,0.1059
435.431,2,2.4222,51.92,0.020,2.2675,-0.8466,-0.0941,3.1159,-11.4530,0.1059
435.755,2,2.4222,51.92,0.020,2.2675,-0.8466,-0.0941,3.1165,-11.4529,0.1059
436.050,2,2.4222,51.92,0.020,2.2675,-0.8466,-0.0941,3.1160,-11.4531,0.1059
436.420,2,2.4222,51.92,0.020,2.2675,-0.8466,-0.0941,3.1178,-11.4531,0.1059
436.761,2,2.4222,51.92,0.020,2.2675,-0.8466,-0.0941,3.1188,-11.4530,0.1059
437.055,2,2.4222,51.92,0.020,2.2675,-0.8466,-0.0941,3.1191,-11.4531,0.1059
437.423,2,2.4222,51.92,0.020,2.2675,-0.8466,-0.0941,3.1195,-11.4532,0.1059
437.752,2,2.4222,51.92,0.020,2.2675,-0.8466,-0.0941,3.1200,-11.4532,0.1059
438.056,2,2.4241,50.92,0.088,2.2701,-0.8451,-0.0941,3.1229,-11.4551,0.1059
438.417,2,2.4241,50.92,0.088,2.2701,-0.8451,-0.0941,3.1235,-11.4552,0.1059
438.759,2,2.4204,51.92,0.026,2.2672,-0.8424,-0.0941,3.1251,-11.4514,0.1059
439.056,2,2.4204,51.92,0.026,2.2672,-0.8424,-0.0941,3.1253,-11.4515,0.1059
439.420,2,2.4204,51.92,0.026,2.2672,-0.8424,-0.0941,3.1250,-11.4516,0.1059
439.747,2,2.4204,51.92,0.026,2.2672,-0.8424,-0.0941,3.1257,-11.4516,0.1059
440.050,2,2.4204,51.92,0.026,2.2672,-0.8424,-0.0941,3.1257,-11.4517,0.1059
440.418,2,2.4204,51.92,0.026,2.2672,-0.8424,-0.0941,3.1259,-11.4517,0.1059
440.754,2,2.4204,51.92,0.026,2.2672,-0.8424,-0.0941,3.1264,-11.4518,0.1059
441.052,2,2.4204,51.92,0.026,2.2672,-0.8424,-0.0941,3.1258,-11.4519,0.1059
441.418,2,2.4204,51.92,0.026,2.2672,-0.8424,-0.0941,3.1262,-11.4520,0.1059
441.754,2,2.4204,51.92,0.026,2.2672,-0.8424,-0.0941,3.1249,-11.4522,0.1059
442.059,2,2.4204,51.92,0.026,2.2672,-0.8424,-0.0941,3.1257,-11.4521,0.1059
442.434,2,2.4204,51.92,0.026,2.2672,-0.8424,-0.0941,3.1245,-11.4504,0.1059
442.767,2,2.4461,50.89,0.051,2.2928,-0.8470,-0.0940,3.1251,-11.4620,0.1060
443.061,2,2.4432,50.89,0.047,2.2928,-0.8387,-0.0940,3.1260,-11.4436,0.1060
443.418,2,2.4661,49.92,0.041,2.3168,-0.8397,-0.0940,3.1044,-11.4496,0.1060
443.753,2,2.4911,49.89,0.042,2.3413,-0.8458,-0.0939,3.1010,-11.4599,0.1061
444.052,2,2.4882,49.89,0.037,2.3412,-0.8373,-0.0939,3.1037,-11.4414,0.1061
444.412,2,2.5050,49.92,0.453,2.3586,-0.8387,-0.0938,3.1020,-11.4408,0.1062
444.743,2,2.5416,48.89,0.197,2.3952,-0.8450,-0.0944,3.1048,-11.4605,0.1056
445.051,2,2.5584,47.90,0.105,2.4131,-0.8445,-0.0953,3.1071,-11.4610,0.1047
445.412,2,2.5935,47.88,0.222,2.4474,-0.8526,-0.0972,3.1047,-11.4807,0.1028
445.742,2,2.6461,46.90,0.009,2.4991,-0.8643,-0.0980,3.1083,-11.5184,0.1020
446.056,2,2.6443,46.90,0.004,2.4988,-0.8597,-0.0980,3.1056,-11.4995,0.1020
446.428,2,2.6113,47.45,0.191,2.4699,-0.8419,-0.0965,3.1050,-11.4502,0.1035
446.740,2,2.6375,46.92,0.156,2.4965,-0.8452,-0.0967,3.1067,-11.4606,0.1033
447.056,2,2.6353,46.90,0.165,2.4958,-0.8405,-0.0963,3.1063,-11.4451,0.1037
447.418,2,2.6883,45.90,0.045,2.5480,-0.8513,-0.0978,3.1115,-11.4844,0.1022
447.751,2,2.6873,45.88,0.293,2.5488,-0.8462,-0.0973,3.1102,-11.4656,0.1027
448.055,2,2.6825,45.90,0.171,2.5454,-0.8412,-0.0960,3.1062,-11.4444,0.1040
448.427,2,2.7408,44.90,0.063,2.6014,-0.8574,-0.0976,3.1077,-11.4879,0.1024
448.749,2,2.7408,44.90,0.063,2.6014,-0.8574,-0.0976,3.1094,-11.4877,0.1024
449.057,2,2.6796,45.90,0.173,2.5440,-0.8362,-0.0959,3.1070,-11.4266,0.1041
449.414,2,2.6796,45.90,0.173,2.5440,-0.8362,-0.0959,3.1071,-11.4265,0.1041
449.748,2,2.6796,45.90,0.173,2.5440,-0.8362,-0.0959,3.1064,-11.4266,0.1041
450.061,2,2.7408,44.90,0.063,2.6014,-0.8574,-0.0976,3.1100,-11.4877,0.1024
450.405,2,2.7408,44.90,0.063,2.6014,-0.8574,-0.0976,3.1090,-11.4878,0.1024
450.733,2,2.7408,44.90,0.063,2.6014,-0.8574,-0.0976,3.1093,-11.4877,0.1024
451.058,2,2.7408,44.90,0.063,2.6014,-0.8574,-0.0976,3.1105,-11.4876,0.1024
451.399,2,2.7408,44.90,0.063,2.6014,-0.8574,-0.0976,3.1103,-11.4876,0.1024
451.741,2,2.7408,44.90,0.063,2.6014,-0.8574,-0.0976,3.1118,-11.4875,0.1024
452.043,2,2.7408,44.90,0.063,2.6014,-0.8574,-0.0976,3.1133,-11.4873,0.1024
452.400,2,2.7467,44.90,0.055,2.6042,-0.8677,-0.0977,3.1186,-11.4924,0.1023
452.729,2,2.7404,47.88,0.165,2.5134,-1.0877,-0.0980,3.1007,-11.4708,0.1020
453.045,2,2.7620,49.88,0.022,2.4675,-1.2370,-0.0980,3.1175,-11.4669,0.1020
453.407,2,2.7413,51.49,0.305,2.4281,-1.2690,-0.0947,3.1144,-11.4381,0.1053
472.724,4,4.4219,27.47,0.842,4.2812,1.1019,-0.1013,7.2277,-4.1351,0.0987
473.065,4,4.2444,28.52,0.681,4.0956,1.1092,-0.1024,7.1611,-4.2006,0.0976
473.354,4,4.1509,28.43,0.299,4.0136,1.0539,-0.1022,7.1574,-4.2050,0.0978
473.733,4,4.0493,29.55,0.574,3.9260,0.9866,-0.1016,7.1497,-4.2137,0.0984
474.064,4,3.8804,30.92,0.621,3.7698,0.9145,-0.1016,7.0909,-4.2761,0.0984
474.355,4,3.9031,30.63,0.638,3.7991,0.8891,-0.1012,7.1541,-4.1931,0.0988
474.722,4,3.7948,31.57,0.650,3.6926,0.8685,-0.1021,7.1399,-4.2116,0.0979
475.367,4,3.5172,34.12,0.741,3.4312,0.7662,-0.1014,7.0646,-4.3066,0.0986
475.714,4,3.5180,34.46,0.982,3.4362,0.7478,-0.1011,7.1219,-4.2423,0.0989
476.056,4,3.4311,34.72,0.625,3.3512,0.7293,-0.1015,7.1122,-4.2494,0.0985
476.356,4,3.3287,35.75,0.613,3.2504,0.7104,-0.1014,7.0916,-4.2697,0.0986
476.727,4,3.2332,36.80,0.593,3.1559,0.6956,-0.1012,7.0720,-4.2995,0.0988
477.060,4,3.1951,37.72,0.870,3.1189,0.6862,-0.1010,7.0823,-4.2891,0.0990
477.360,4,3.2091,36.80,0.582,3.1574,0.5649,-0.1012,7.0945,-4.2725,0.0988
477.725,4,3.2693,36.79,1.253,3.2570,0.2651,-0.1006,7.1354,-4.2247,0.0994
478.061,4,3.2648,36.75,1.197,3.2616,-0.1050,-0.1008,7.1434,-4.2243,0.0992
478.362,4,3.1477,37.82,0.732,3.1142,-0.4462,-0.1010,7.0911,-4.2911,0.0990
478.714,4,3.1333,38.86,0.701,3.0335,-0.7777,-0.1010,7.1031,-4.2809,0.0990
479.036,4,3.2124,40.89,1.553,3.0047,-1.1316,-0.1056,7.1762,-4.2111,0.0944
479.362,4,2.9434,44.17,0.087,2.6104,-1.3563,-0.0979,7.0326,-4.4012,0.1021
494.043,6,4.0959,27.92,0.051,4.0306,0.7256,-0.0653,1.2875,-10.0237,0.1347
496.037,6,4.4718,28.88,2.081,4.4609,0.3017,-0.0783,0.7414,-10.6301,0.1217
496.358,6,4.4883,28.63,2.003,4.4871,-0.0686,-0.0782,0.6990,-10.6914,0.1218
496.714,6,4.3262,29.88,3.558,4.3043,-0.4264,-0.0844,0.7697,-10.6323,0.1156
497.032,2,4.0849,33.84,0.066,3.6549,1.8216,-0.0973,3.1665,-11.3867,0.1027
497.357,2,4.0534,33.76,0.089,3.6474,1.7655,-0.0971,3.1636,-11.4372,0.1029
497.357,6,4.4192,26.55,2.451,4.3505,-0.7706,-0.0926,0.6008,-10.8391,0.1074
497.703,6,4.4164,25.83,1.488,4.3699,-0.6325,-0.0943,0.5594,-10.9161,0.1057
498.701,6,4.1645,27.21,2.372,4.1632,-0.0426,-0.0930,0.5417,-10.9197,0.1070
499.341,6,4.3215,27.03,0.940,4.3196,-0.0825,-0.1005,0.3255,-11.1676,0.0995
499.698,6,4.2091,26.40,0.758,4.2064,-0.1216,-0.0877,0.3502,-11.1597,0.1123
501.348,6,4.4246,25.78,0.276,4.4233,-0.0316,-0.1036,-0.0054,-11.6721,0.0964
501.651,6,4.2564,27.21,0.506,4.2532,0.1307,-0.1019,0.0470,-11.6054,0.0981
502.037,6,4.1337,28.32,0.597,4.1166,0.3618,-0.1024,0.0683,-11.5828,0.0976
502.353,6,4.0357,29.41,0.646,3.9770,0.6780,-0.1028,0.0777,-11.5783,0.0972
502.664,6,3.9622,30.55,0.618,3.8300,1.0100,-0.1022,0.0720,-11.5863,0.0978
503.033,6,3.9147,33.10,1.795,3.6722,1.3524,-0.1047,0.0584,-11.6005,0.0953
503.353,6,3.8526,35.56,1.883,3.4604,1.6905,-0.1039,0.0711,-11.5747,0.0961
713.455,4,4.4794,25.49,0.351,4.4573,0.4297,-0.1115,7.3255,-4.9503,0.0885
713.822,4,3.9091,29.52,0.271,3.9028,0.1973,-0.1005,7.0313,-4.5680,0.0995
714.151,4,4.1386,28.39,0.664,4.1369,0.0424,-0.1097,7.2645,-4.7827,0.0903
714.459,4,3.7696,31.93,1.029,3.7660,-0.1310,-0.1007,7.0821,-4.5729,0.0993
714.826,4,3.6479,32.30,0.626,3.6346,-0.2938,-0.1008,7.0638,-4.5464,0.0992
715.148,4,3.5299,33.46,0.638,3.5042,-0.4131,-0.1004,7.0490,-4.5204,0.0996
715.454,4,3.4263,34.73,0.696,3.3823,-0.5377,-0.1004,7.0357,-4.5071,0.0996
715.815,4,3.3230,36.13,0.783,3.2614,-0.6289,-0.1004,7.0276,-4.4987,0.0996
716.146,4,3.2450,37.26,0.867,3.1713,-0.6800,-0.1003,7.0357,-4.4985,0.0997
716.461,4,3.1585,38.00,0.700,3.0870,-0.6607,-0.1004,7.0384,-4.4991,0.0996
717.149,4,2.9547,40.13,0.653,2.9201,-0.4397,-0.1004,7.0502,-4.4630,0.0996
717.460,4,2.9247,40.95,1.062,2.9130,-0.2411,-0.1002,7.0579,-4.4777,0.0998
717.818,4,2.8350,42.13,1.034,2.8332,0.0001,-0.1002,7.0455,-4.4690,0.0998
718.456,4,2.6927,44.88,0.871,2.6484,0.4760,-0.1007,7.0620,-4.4760,0.0993
718.827,4,2.5957,49.14,1.559,2.4879,0.7337,-0.0982,7.0470,-4.4398,0.1018
719.145,4,2.5346,51.63,1.580,2.3732,0.8843,-0.1002,7.0544,-4.4553,0.0998
719.404,4,2.3124,55.23,0.233,2.0945,0.9753,-0.0946,6.9707,-4.3294,0.1054
