frame,t,x,y,yaw,speed,stalled,footprint_max_cost,footprint_blocked
0,1787214247.00,0.000,0.000,0.010,0.000,1,0,0
1,1787214248.00,0.000,0.000,0.010,0.000,1,0,0
2,1787214249.00,0.000,0.000,0.011,0.000,1,0,0
3,1787214250.00,0.000,0.000,0.011,0.000,1,0,0
4,1787214251.00,0.000,0.000,0.012,0.000,1,0,0
5,1787214252.00,0.000,0.000,0.011,0.000,1,0,0
6,1787214253.00,0.106,0.001,0.011,0.120,0,0,0
7,1787214254.00,0.232,0.002,0.011,0.120,0,0,0
8,1787214255.00,0.355,0.004,0.011,0.120,0,0,0
9,1787214256.00,0.482,0.005,0.011,0.120,0,0,0
10,1787214257.00,0.607,0.007,0.011,0.120,0,0,0
11,1787214258.00,0.725,0.008,0.012,0.120,0,0,0
12,1787214259.00,0.850,0.009,0.012,0.120,0,0,0
13,1787214260.00,0.969,0.011,0.012,0.120,0,0,0
14,1787214261.00,1.090,0.012,0.012,0.120,0,0,0
15,1787214262.00,1.214,0.014,0.012,0.120,0,0,0
16,1787214263.00,1.261,0.014,0.012,0.000,1,0,0
17,1787214264.00,1.261,0.014,0.013,0.000,1,0,0
18,1787214265.00,1.261,0.014,0.013,0.000,1,0,0
19,1787214266.00,1.261,0.014,0.012,0.000,1,0,0
20,1787214267.00,1.261,0.014,0.012,0.000,1,0,0
21,1787214268.00,1.261,0.014,0.012,0.000,1,0,0
22,1787214269.00,1.261,0.014,0.012,0.000,1,0,0
23,1787214270.00,1.261,0.014,0.012,0.000,1,0,0
24,1787214271.00,1.264,0.014,0.045,0.014,1,0,0
25,1787214272.00,1.276,0.016,0.147,0.014,1,0,0
26,1787214273.00,1.289,0.018,0.242,0.012,1,0,0
27,1787214274.00,1.298,0.021,0.330,0.010,1,0,0
28,1787214275.00,1.306,0.024,0.414,0.008,1,0,0
29,1787214276.00,1.313,0.027,0.493,0.006,1,0,0
30,1787214277.00,1.317,0.030,0.569,0.004,1,0,0
31,1787214278.00,1.321,0.032,0.640,0.002,1,0,0
32,1787214279.00,1.322,0.033,0.707,0.001,1,0,0
33,1787214280.00,1.321,0.032,0.773,0.001,1,0,0
34,1787214281.00,1.321,0.032,0.840,0.001,1,0,0
35,1787214282.00,1.320,0.031,0.906,0.001,1,0,0
36,1787214283.00,1.319,0.030,0.972,0.003,1,0,0
37,1787214284.00,1.317,0.027,1.044,0.005,1,0,0
38,1787214285.00,1.315,0.022,1.120,0.007,1,0,0
39,1787214286.00,1.312,0.016,1.200,0.008,1,0,0
40,1787214287.00,1.309,0.008,1.285,0.010,1,0,0
41,1787214288.00,1.307,-0.002,1.376,0.012,1,0,0
42,1787214289.00,1.305,-0.016,1.471,0.014,1,0,0
43,1787214290.00,1.304,-0.030,1.575,0.016,1,0,0
44,1787214291.00,1.303,-0.018,1.680,0.014,1,0,0
45,1787214292.00,1.301,-0.003,1.778,0.012,1,0,0
46,1787214293.00,1.298,0.008,1.869,0.011,1,0,0
47,1787214294.00,1.295,0.018,1.955,0.009,1,0,0
48,1787214295.00,1.284,0.041,2.081,0.104,0,0,0
49,1787214296.00,1.155,0.211,2.314,0.259,0,0,0
50,1787214297.00,0.962,0.392,2.407,0.261,0,0,0
51,1787214298.00,0.769,0.574,2.443,0.260,0,236,0
52,1787214299.00,0.557,0.724,2.543,0.232,0,236,0
53,1787214300.00,0.422,0.839,2.285,0.058,0,223,0
54,1787214301.00,0.416,0.846,2.213,0.002,1,216,0
55,1787214302.00,0.418,0.843,2.142,0.004,1,209,0
56,1787214303.00,0.420,0.839,2.066,0.006,1,216,0
57,1787214304.00,0.421,0.838,1.975,0.058,0,216,0
58,1787214305.00,0.378,0.991,1.790,0.260,0,253,1
59,1787214306.00,0.330,1.226,1.688,0.137,0,223,0
60,1787214307.00,0.324,1.280,1.761,0.000,1,202,0
61,1787214308.00,0.324,1.277,1.762,0.050,0,202,0
62,1787214309.00,0.338,1.204,1.762,0.080,0,223,0
63,1787214310.00,0.354,1.124,1.763,0.080,0,226,0
64,1787214311.00,0.369,1.046,1.762,0.080,0,222,0
65,1787214312.00,0.376,1.009,1.811,0.012,1,245,0
66,1787214313.00,0.373,1.018,1.901,0.010,1,226,0
67,1787214314.00,0.370,1.027,1.985,0.008,1,236,0
68,1787214315.00,0.367,1.034,2.064,0.006,1,241,0
69,1787214316.00,0.364,1.039,2.140,0.004,1,236,0
70,1787214317.00,0.362,1.041,2.212,0.002,1,248,0
71,1787214318.00,0.361,1.043,2.279,0.001,1,253,1
72,1787214319.00,0.361,1.042,2.345,0.001,1,253,1
73,1787214320.00,0.362,1.042,2.413,0.001,1,253,1
74,1787214321.00,0.362,1.041,2.478,0.001,1,253,1
75,1787214322.00,0.364,1.040,2.546,0.003,1,253,1
76,1787214323.00,0.367,1.038,2.618,0.005,1,247,0
77,1787214324.00,0.373,1.035,2.693,0.006,1,247,0
78,1787214325.00,0.379,1.032,2.773,0.008,1,253,1
79,1787214326.00,0.390,1.029,2.857,0.010,1,223,0
80,1787214327.00,0.399,1.026,2.947,0.012,1,223,0
81,1787214328.00,0.413,1.024,3.043,0.014,1,222,0
82,1787214329.00,0.428,1.024,-3.138,0.016,1,202,0
83,1787214330.00,0.418,1.023,-3.029,0.040,0,182,0
84,1787214331.00,0.268,0.988,-2.852,0.259,0,0,0
85,1787214332.00,0.008,0.908,-2.821,0.262,0,206,0
86,1787214333.00,-0.228,0.801,-2.612,0.259,0,253,1
87,1787214334.00,-0.470,0.678,-2.838,0.269,0,248,0
88,1787214335.00,-0.740,0.646,-3.120,0.260,0,182,0
89,1787214336.00,-1.004,0.620,-2.936,0.258,0,202,0
90,1787214337.00,-1.173,0.573,-2.804,0.039,0,182,0
91,1787214338.00,-1.182,0.570,-2.764,0.000,1,182,0
92,1787214339.00,-1.182,0.570,-2.764,0.000,1,182,0
93,1787214340.00,-1.182,0.570,-2.753,0.008,1,182,0
94,1787214341.00,-1.195,0.562,-2.442,0.003,1,182,0
95,1787214342.00,-1.194,0.565,-2.147,0.005,1,188,0
96,1787214343.00,-1.191,0.568,-2.069,0.005,1,165,0
97,1787214344.00,-1.189,0.574,-1.992,0.007,1,165,0
98,1787214345.00,-1.185,0.582,-1.912,0.009,1,182,0
99,1787214346.00,-1.183,0.591,-1.825,0.011,1,165,0
100,1787214347.00,-1.180,0.603,-1.734,0.013,1,165,0
101,1787214348.00,-1.179,0.616,-1.636,0.015,1,149,0
102,1787214349.00,-1.178,0.629,-1.532,0.016,1,149,0
103,1787214350.00,-1.177,0.614,-1.429,0.014,1,149,0
104,1787214351.00,-1.174,0.600,-1.333,0.012,1,149,0
105,1787214352.00,-1.171,0.589,-1.242,0.010,1,165,0
106,1787214353.00,-1.168,0.581,-1.157,0.008,1,182,0
107,1787214354.00,-1.164,0.573,-1.078,0.006,1,165,0
108,1787214355.00,-1.161,0.568,-1.002,0.004,1,182,0
109,1787214356.00,-1.159,0.565,-0.930,0.003,1,182,0
110,1787214357.00,-1.159,0.564,-0.911,0.002,1,182,0
111,1787214358.00,-1.161,0.567,-0.981,0.004,1,182,0
112,1787214359.00,-1.163,0.571,-1.056,0.006,1,165,0
113,1787214360.00,-1.167,0.578,-1.135,0.008,1,182,0
114,1787214361.00,-1.170,0.585,-1.218,0.010,1,179,0
115,1787214362.00,-1.173,0.597,-1.306,0.012,1,149,0
116,1787214363.00,-1.176,0.607,-1.392,0.013,1,165,0
117,1787214364.00,-1.177,0.620,-1.493,0.015,1,0,0
118,1787214365.00,-1.178,0.619,-1.599,0.015,1,0,0
119,1787214366.00,-1.179,0.606,-1.698,0.013,1,149,0
120,1787214367.00,-1.181,0.594,-1.791,0.011,1,149,0
121,1787214368.00,-1.184,0.582,-1.879,0.009,1,182,0
122,1787214369.00,-1.186,0.576,-1.963,0.007,1,182,0
123,1787214370.00,-1.189,0.571,-2.041,0.006,1,165,0
124,1787214371.00,-1.191,0.567,-2.115,0.004,1,182,0
125,1787214372.00,-1.192,0.565,-2.185,0.002,1,182,0
126,1787214373.00,-1.193,0.564,-2.252,0.000,1,182,0
127,1787214374.00,-1.194,0.563,-2.318,0.000,1,182,0
128,1787214375.00,-1.194,0.563,-2.384,0.000,1,182,0
129,1787214376.00,-1.194,0.563,-2.450,0.001,1,182,0
130,1787214377.00,-1.191,0.565,-2.519,0.003,1,182,0
131,1787214378.00,-1.188,0.567,-2.592,0.005,1,182,0
132,1787214379.00,-1.182,0.570,-2.669,0.007,1,182,0
133,1787214380.00,-1.177,0.573,-2.753,0.023,0,182,0
134,1787214381.00,-1.325,0.546,-3.092,0.261,0,149,0
135,1787214382.00,-1.551,0.527,-2.898,0.223,0,182,0
136,1787214383.00,-1.765,0.424,-2.592,0.258,0,149,0
137,1787214384.00,-1.972,0.320,-2.887,0.251,0,0,0
138,1787214385.00,-2.244,0.299,-3.128,0.228,0,0,0
139,1787214386.00,-2.472,0.265,-2.907,0.259,0,0,0
140,1787214387.00,-2.720,0.188,-2.806,0.262,0,0,0
141,1787214388.00,-2.960,0.095,-2.759,0.261,0,0,0
142,1787214389.00,-3.208,-0.005,-2.758,0.260,0,0,0
143,1787214390.00,-3.449,-0.097,-2.775,0.260,0,0,0
144,1787214391.00,-3.702,-0.184,-2.832,0.259,0,0,0
145,1787214392.00,-3.958,-0.254,-2.836,0.260,0,0,0
146,1787214393.00,-4.200,-0.341,-2.823,0.259,0,0,0
147,1787214394.00,-4.449,-0.435,-2.731,0.262,0,0,0
148,1787214395.00,-4.694,-0.526,-2.879,0.262,0,0,0
149,1787214396.00,-4.948,-0.599,-2.790,0.260,0,182,0
150,1787214397.00,-5.190,-0.702,-2.672,0.260,0,253,1
151,1787214398.00,-5.404,-0.844,-2.444,0.258,0,241,0
152,1787214399.00,-5.589,-1.036,-2.238,0.260,0,241,0
153,1787214400.00,-5.742,-1.252,-2.148,0.261,0,182,0
154,1787214401.00,-5.884,-1.467,-2.155,0.262,0,0,0
155,1787214402.00,-5.990,-1.622,-2.150,0.073,0,0,0
156,1787214403.00,-5.995,-1.629,-2.078,0.005,1,0,0
157,1787214404.00,-5.994,-1.626,-2.001,0.007,1,0,0
158,1787214405.00,-5.990,-1.618,-1.920,0.009,1,0,0
159,1787214406.00,-5.987,-1.609,-1.834,0.011,1,0,0
160,1787214407.00,-5.985,-1.598,-1.745,0.003,1,0,0
161,1787214408.00,-5.984,-1.591,-1.691,0.014,1,0,0
162,1787214409.00,-5.983,-1.574,-1.589,0.016,1,0,0
163,1787214410.00,-5.982,-1.584,-1.484,0.015,1,0,0
164,1787214411.00,-5.981,-1.596,-1.386,0.013,1,0,0
165,1787214412.00,-5.978,-1.608,-1.295,0.011,1,0,0
166,1787214413.00,-5.975,-1.617,-1.209,0.009,1,0,0
167,1787214414.00,-5.989,-1.582,-1.177,0.080,0,0,0
168,1787214415.00,-6.019,-1.510,-1.177,0.080,0,149,0
169,1787214416.00,-6.050,-1.435,-1.178,0.080,0,182,0
170,1787214417.00,-6.078,-1.368,-1.177,0.030,0,202,0
171,1787214418.00,-6.079,-1.366,-1.177,0.000,1,202,0
172,1787214419.00,-6.079,-1.366,-1.177,0.000,1,202,0
173,1787214420.00,-6.079,-1.366,-1.177,0.000,1,202,0
174,1787214421.00,-6.078,-1.368,-1.153,0.008,1,202,0
175,1787214422.00,-6.075,-1.374,-1.074,0.006,1,202,0
176,1787214423.00,-6.073,-1.378,-1.001,0.004,1,202,0
177,1787214424.00,-6.071,-1.381,-0.931,0.002,1,202,0
178,1787214425.00,-6.070,-1.381,-0.865,0.000,1,202,0
179,1787214426.00,-6.071,-1.381,-0.799,0.000,1,202,0
180,1787214427.00,-6.071,-1.381,-0.733,0.000,1,201,0
181,1787214428.00,-6.072,-1.380,-0.667,0.001,1,201,0
182,1787214429.00,-6.074,-1.379,-0.598,0.003,1,198,0
183,1787214430.00,-6.077,-1.377,-0.525,0.005,1,198,0
184,1787214431.00,-6.082,-1.374,-0.449,0.007,1,201,0
185,1787214432.00,-6.088,-1.371,-0.367,0.009,1,179,0
186,1787214433.00,-6.098,-1.368,-0.281,0.011,1,164,0
187,1787214434.00,-6.109,-1.365,-0.190,0.013,1,171,0
188,1787214435.00,-6.122,-1.363,-0.093,0.015,1,149,0
189,1787214436.00,-6.132,-1.363,0.012,0.016,1,149,0
190,1787214437.00,-6.118,-1.362,0.114,0.014,1,149,0
191,1787214438.00,-6.106,-1.360,0.209,0.012,1,163,0
192,1787214439.00,-6.090,-1.356,0.315,0.061,0,179,0
193,1787214440.00,-5.929,-1.277,0.492,0.259,0,0,0
194,1787214441.00,-5.688,-1.147,0.584,0.258,0,253,1
195,1787214442.00,-5.494,-0.973,0.839,0.260,0,253,1
196,1787214443.00,-5.386,-0.854,0.787,0.035,0,253,1
197,1787214444.00,-5.383,-0.852,0.720,0.000,1,253,1
198,1787214445.00,-5.384,-0.852,0.654,0.002,1,253,1
199,1787214446.00,-5.386,-0.854,0.583,0.003,1,253,1
200,1787214447.00,-5.390,-0.856,0.509,0.005,1,253,1
201,1787214448.00,-5.396,-0.859,0.431,0.007,1,253,1
202,1787214449.00,-5.403,-0.862,0.350,0.009,1,253,1
203,1787214450.00,-5.366,-0.854,0.167,0.148,0,253,1
204,1787214451.00,-5.132,-0.828,0.133,0.261,0,253,1
205,1787214452.00,-4.871,-0.813,-0.033,0.260,0,253,1
206,1787214453.00,-4.622,-0.824,0.018,0.260,0,253,1
207,1787214454.00,-4.363,-0.819,-0.001,0.260,0,247,0
208,1787214455.00,-4.093,-0.806,0.038,0.260,0,253,1
209,1787214456.00,-3.825,-0.800,0.013,0.260,0,253,1
210,1787214457.00,-3.551,-0.799,-0.004,0.260,0,223,0
211,1787214458.00,-3.283,-0.800,-0.010,0.260,0,223,0
212,1787214459.00,-3.019,-0.802,-0.007,0.260,0,247,0
213,1787214460.00,-2.760,-0.803,0.000,0.260,0,247,0
214,1787214461.00,-2.495,-0.800,0.031,0.260,0,247,0
215,1787214462.00,-2.231,-0.787,0.047,0.260,0,247,0
216,1787214463.00,-1.959,-0.783,0.019,0.260,0,247,0
217,1787214464.00,-1.701,-0.775,0.019,0.260,0,223,0
218,1787214465.00,-1.440,-0.771,0.012,0.260,0,223,0
219,1787214466.00,-1.171,-0.771,-0.006,0.260,0,202,0
220,1787214467.00,-0.904,-0.773,-0.009,0.260,0,202,0
221,1787214468.00,-0.633,-0.775,-0.005,0.260,0,223,0
222,1787214469.00,-0.367,-0.776,-0.003,0.260,0,223,0
223,1787214470.00,-0.113,-0.777,-0.004,0.260,0,202,0
224,1787214471.00,0.153,-0.779,-0.007,0.260,0,202,0
225,1787214472.00,0.420,-0.780,-0.007,0.260,0,202,0
226,1787214473.00,0.688,-0.784,-0.004,0.260,0,202,0
227,1787214474.00,0.960,-0.786,-0.018,0.260,0,223,0
228,1787214475.00,1.222,-0.790,-0.011,0.260,0,202,0
229,1787214476.00,1.495,-0.794,-0.018,0.260,0,223,0
230,1787214477.00,1.761,-0.798,-0.016,0.260,0,253,1
231,1787214478.00,2.024,-0.802,-0.008,0.243,0,253,1
232,1787214479.00,2.243,-0.803,-0.007,0.205,0,253,1
233,1787214480.00,2.445,-0.805,-0.008,0.205,0,253,1
234,1787214481.00,2.656,-0.806,-0.008,0.233,0,253,1
235,1787214482.00,2.916,-0.809,-0.008,0.260,0,235,0
236,1787214483.00,3.180,-0.811,-0.008,0.260,0,202,0
237,1787214484.00,3.442,-0.813,-0.008,0.260,0,202,0
238,1787214485.00,3.710,-0.815,-0.008,0.260,0,202,0
239,1787214486.00,3.974,-0.817,-0.008,0.260,0,202,0
240,1787214487.00,4.242,-0.819,-0.008,0.260,0,202,0
241,1787214488.00,4.511,-0.822,-0.008,0.260,0,202,0
242,1787214489.00,4.771,-0.824,-0.008,0.260,0,202,0
243,1787214490.00,5.032,-0.826,-0.008,0.260,0,223,0
244,1787214491.00,5.294,-0.828,-0.011,0.260,0,223,0
245,1787214492.00,5.553,-0.831,-0.011,0.260,0,223,0
246,1787214493.00,5.815,-0.834,-0.015,0.260,0,213,0
247,1787214494.00,6.069,-0.845,-0.093,0.198,0,0,0
248,1787214495.00,6.155,-0.855,-0.190,0.013,1,0,0
249,1787214496.00,6.168,-0.858,-0.281,0.011,1,0,0
250,1787214497.00,6.177,-0.861,-0.368,0.009,1,0,0
251,1787214498.00,6.185,-0.865,-0.449,0.007,1,0,0
252,1787214499.00,6.191,-0.868,-0.526,0.005,1,0,0
253,1787214500.00,6.195,-0.870,-0.600,0.003,1,0,0
254,1787214501.00,6.197,-0.872,-0.669,0.001,1,0,0
255,1787214502.00,6.198,-0.872,-0.736,0.000,1,0,0
256,1787214503.00,6.198,-0.873,-0.803,0.000,1,0,0
257,1787214504.00,6.198,-0.873,-0.870,0.000,1,0,0
258,1787214505.00,6.198,-0.872,-0.937,0.002,1,0,0
259,1787214506.00,6.196,-0.869,-1.007,0.004,1,0,0
260,1787214507.00,6.193,-0.865,-1.081,0.006,1,0,0
261,1787214508.00,6.191,-0.861,-1.159,0.008,1,0,0
262,1787214509.00,6.188,-0.854,-1.242,0.009,1,0,0
263,1787214510.00,6.185,-0.843,-1.331,0.011,1,0,0
264,1787214511.00,6.187,-0.862,-1.497,0.116,0,0,0
265,1787214512.00,6.172,-1.079,-1.637,0.260,0,182,0
266,1787214513.00,6.187,-1.337,-1.488,0.222,0,165,0
267,1787214514.00,6.159,-1.533,-1.972,0.236,0,171,0
268,1787214515.00,6.021,-1.740,-2.283,0.260,0,170,0
269,1787214516.00,5.844,-1.935,-2.289,0.260,0,170,0
270,1787214517.00,5.707,-2.092,-2.317,0.097,0,0,0
271,1787214518.00,5.693,-2.106,-2.384,0.000,1,0,0
272,1787214519.00,5.693,-2.107,-2.449,0.000,1,0,0
273,1787214520.00,5.693,-2.106,-2.516,0.002,1,0,0
274,1787214521.00,5.697,-2.104,-2.587,0.004,1,0,0
275,1787214522.00,5.698,-2.103,-2.615,0.004,1,0,0
276,1787214523.00,5.695,-2.105,-2.543,0.003,1,0,0
277,1787214524.00,5.694,-2.106,-2.476,0.001,1,0,0
278,1787214525.00,5.694,-2.106,-2.410,0.001,1,0,0
279,1787214526.00,5.694,-2.106,-2.342,0.001,1,0,0
280,1787214527.00,5.695,-2.105,-2.277,0.001,1,0,0
281,1787214528.00,5.696,-2.104,-2.209,0.002,1,0,0
282,1787214529.00,5.698,-2.101,-2.138,0.004,1,0,0
283,1787214530.00,5.701,-2.096,-2.063,0.006,1,0,0
284,1787214531.00,5.704,-2.089,-1.984,0.008,1,0,0
285,1787214532.00,5.707,-2.080,-1.900,0.010,1,0,0
286,1787214533.00,5.711,-2.068,-1.811,0.012,1,0,0
287,1787214534.00,5.714,-2.054,-1.717,0.014,1,0,0
288,1787214535.00,5.715,-2.040,-1.615,0.016,1,0,0
289,1787214536.00,5.715,-2.049,-1.512,0.016,1,0,0
290,1787214537.00,5.712,-2.187,-1.630,0.260,0,0,0
291,1787214538.00,5.703,-2.462,-1.506,0.259,0,0,0
292,1787214539.00,5.736,-2.720,-1.397,0.262,0,0,0
293,1787214540.00,5.785,-2.983,-1.421,0.260,0,0,0
294,1787214541.00,5.841,-3.236,-1.278,0.261,0,0,0
295,1787214542.00,5.892,-3.387,-1.198,0.038,0,0,0
296,1787214543.00,5.896,-3.397,-1.118,0.006,1,0,0
297,1787214544.00,5.898,-3.401,-1.043,0.004,1,0,0
298,1787214545.00,5.900,-3.404,-0.971,0.002,1,0,0
299,1787214546.00,5.901,-3.406,-0.904,0.001,1,0,0
300,1787214547.00,5.901,-3.406,-0.918,0.001,1,0,0
301,1787214548.00,5.900,-3.404,-0.987,0.003,1,0,0
302,1787214549.00,5.898,-3.401,-1.060,0.005,1,0,0
303,1787214550.00,5.895,-3.396,-1.137,0.007,1,0,0
304,1787214551.00,5.911,-3.444,-1.349,0.157,0,0,0
305,1787214552.00,5.935,-3.682,-1.464,0.260,0,0,0
306,1787214553.00,6.002,-3.921,-1.140,0.256,0,0,0
307,1787214554.00,6.109,-4.166,-1.219,0.260,0,0,0
308,1787214555.00,6.212,-4.417,-1.148,0.261,0,163,0
309,1787214556.00,6.308,-4.658,-1.290,0.262,0,223,0
310,1787214557.00,6.367,-4.892,-1.301,0.138,0,219,0
311,1787214558.00,6.381,-4.939,-1.217,0.008,1,235,0
312,1787214559.00,6.384,-4.947,-1.137,0.006,1,248,0
313,1787214560.00,6.387,-4.953,-1.062,0.004,1,248,0
314,1787214561.00,6.389,-4.956,-0.989,0.003,1,253,1
315,1787214562.00,6.390,-4.957,-0.920,0.001,1,253,1
316,1787214563.00,6.390,-4.958,-0.855,0.001,1,253,1
317,1787214564.00,6.389,-4.957,-0.787,0.001,1,253,1
318,1787214565.00,6.389,-4.957,-0.721,0.001,1,253,1
319,1787214566.00,6.388,-4.956,-0.654,0.002,1,253,1
320,1787214567.00,6.386,-4.955,-0.600,0.003,1,253,1
321,1787214568.00,6.383,-4.953,-0.544,0.004,1,253,1
322,1787214569.00,6.380,-4.951,-0.486,0.005,1,253,1
323,1787214570.00,6.375,-4.949,-0.427,0.006,1,253,1
324,1787214571.00,6.369,-4.946,-0.365,0.007,1,253,1
325,1787214572.00,6.361,-4.943,-0.300,0.008,1,253,1
326,1787214573.00,6.350,-4.940,-0.216,0.013,1,253,1
327,1787214574.00,6.335,-4.938,-0.119,0.015,1,253,1
328,1787214575.00,6.323,-4.937,-0.014,0.016,1,253,1
329,1787214576.00,6.339,-4.936,0.089,0.014,1,253,1
330,1787214577.00,6.353,-4.934,0.185,0.012,1,253,1
331,1787214578.00,6.355,-4.934,0.206,0.000,1,253,1
332,1787214579.00,6.355,-4.934,0.206,0.000,1,253,1
333,1787214580.00,6.362,-4.932,0.265,0.010,1,253,1
334,1787214581.00,6.372,-4.929,0.350,0.008,1,253,1
335,1787214582.00,6.378,-4.927,0.431,0.006,1,253,1
336,1787214583.00,6.382,-4.924,0.507,0.005,1,253,1
337,1787214584.00,6.386,-4.922,0.579,0.003,1,253,1
338,1787214585.00,6.387,-4.921,0.639,0.001,1,253,1
339,1787214586.00,6.388,-4.921,0.688,0.000,1,253,1
340,1787214587.00,6.388,-4.921,0.738,0.000,1,253,1
341,1787214588.00,6.387,-4.921,0.789,0.001,1,253,1
342,1787214589.00,6.387,-4.922,0.838,0.000,1,253,1
343,1787214590.00,6.386,-4.922,0.888,0.001,1,253,1
344,1787214591.00,6.385,-4.924,0.941,0.002,1,253,1
345,1787214592.00,6.384,-4.925,0.994,0.003,1,253,1
346,1787214593.00,6.382,-4.929,1.051,0.004,1,253,1
347,1787214594.00,6.380,-4.933,1.110,0.005,1,253,1
348,1787214595.00,6.377,-4.938,1.171,0.007,1,253,1
349,1787214596.00,6.374,-4.946,1.243,0.010,1,253,1
350,1787214597.00,6.371,-4.959,1.333,0.012,1,253,1
351,1787214598.00,6.375,-4.889,1.634,0.191,0,223,0
352,1787214599.00,6.333,-4.664,1.765,0.209,0,223,0
353,1787214600.00,6.332,-4.406,1.394,0.257,0,160,0
354,1787214601.00,6.362,-4.171,1.614,0.259,0,0,0
355,1787214602.00,6.322,-3.921,1.731,0.258,0,0,0
356,1787214603.00,6.309,-3.650,1.579,0.260,0,0,0
357,1787214604.00,6.315,-3.388,1.562,0.260,0,0,0
358,1787214605.00,6.317,-3.124,1.564,0.260,0,0,0
359,1787214606.00,6.323,-2.859,1.560,0.260,0,0,0
360,1787214607.00,6.332,-2.592,1.549,0.260,0,0,0
361,1787214608.00,6.339,-2.322,1.576,0.260,0,0,0
362,1787214609.00,6.320,-2.052,1.684,0.262,0,0,0
363,1787214610.00,6.295,-1.780,1.613,0.260,0,0,0
364,1787214611.00,6.253,-1.520,1.881,0.254,0,165,0
365,1787214612.00,6.154,-1.270,2.017,0.259,0,226,0
366,1787214613.00,6.021,-1.044,2.225,0.259,0,253,1
367,1787214614.00,5.835,-0.871,2.587,0.263,0,236,0
368,1787214615.00,5.593,-0.752,2.704,0.262,0,245,0
369,1787214616.00,5.352,-0.637,2.726,0.259,0,163,0
370,1787214617.00,5.111,-0.540,2.812,0.260,0,0,0
371,1787214618.00,4.858,-0.445,2.771,0.261,0,0,0
372,1787214619.00,4.611,-0.351,2.801,0.261,0,0,0
373,1787214620.00,4.357,-0.260,2.863,0.261,0,0,0
374,1787214621.00,4.104,-0.195,2.836,0.260,0,0,0
375,1787214622.00,3.853,-0.106,2.810,0.259,0,0,0
376,1787214623.00,3.600,-0.044,3.013,0.262,0,0,0
377,1787214624.00,3.336,-0.051,-3.076,0.260,0,0,0
378,1787214625.00,3.075,-0.031,2.977,0.260,0,0,0
379,1787214626.00,2.821,-0.007,3.090,0.260,0,0,0
380,1787214627.00,2.546,0.002,3.114,0.260,0,0,0
381,1787214628.00,2.278,0.011,3.111,0.260,0,0,0
382,1787214629.00,2.005,0.027,3.051,0.260,0,0,0
383,1787214630.00,1.747,0.031,3.138,0.260,0,0,0
384,1787214631.00,1.491,0.040,3.078,0.260,0,0,0
385,1787214632.00,1.225,0.050,3.100,0.260,0,0,0
386,1787214633.00,0.957,0.056,3.087,0.260,0,0,0
387,1787214634.00,0.686,0.061,3.119,0.260,0,0,0
388,1787214635.00,0.423,0.070,3.065,0.260,0,0,0
389,1787214636.00,0.154,0.076,3.122,0.260,0,0,0
390,1787214637.00,-0.117,0.073,3.119,0.260,0,0,0
391,1787214638.00,-0.390,0.079,3.100,0.260,0,0,0
392,1787214639.00,-0.656,0.085,3.108,0.260,0,0,0
393,1787214640.00,-0.911,0.093,3.102,0.260,0,0,0
394,1787214641.00,-1.173,0.097,3.118,0.260,0,0,0
395,1787214642.00,-1.447,0.103,3.141,0.260,0,0,0
396,1787214643.00,-1.700,0.107,3.118,0.260,0,0,0
397,1787214644.00,-1.973,0.111,3.134,0.260,0,0,0
398,1787214645.00,-2.235,0.120,3.119,0.260,0,0,0
399,1787214646.00,-2.496,0.126,-3.125,0.260,0,0,0
400,1787214647.00,-2.760,0.126,-3.140,0.260,0,0,0
401,1787214648.00,-2.962,0.148,2.794,0.184,0,0,0
402,1787214649.00,-3.095,0.224,2.480,0.041,0,0,0
403,1787214650.00,-3.158,0.264,2.652,0.195,0,0,0
404,1787214651.00,-3.339,0.344,2.891,0.165,0,0,0
405,1787214652.00,-3.575,0.336,-2.952,0.258,0,0,0
406,1787214653.00,-3.823,0.308,3.063,0.260,0,0,0
407,1787214654.00,-4.086,0.354,2.996,0.260,0,0,0
408,1787214655.00,-4.307,0.354,-3.062,0.109,0,0,0
409,1787214656.00,-4.381,0.354,3.070,0.162,0,0,0
410,1787214657.00,-4.628,0.366,3.133,0.260,0,0,0
411,1787214658.00,-4.890,0.372,3.134,0.260,0,0,0
412,1787214659.00,-5.158,0.374,3.125,0.260,0,0,0
413,1787214660.00,-5.416,0.375,-3.138,0.260,0,0,0
414,1787214661.00,-5.683,0.377,-3.140,0.260,0,0,0
415,1787214662.00,-5.921,0.376,-3.136,0.160,0,0,0
416,1787214663.00,-5.978,0.374,-3.031,0.014,1,0,0
417,1787214664.00,-5.992,0.372,-2.934,0.013,1,0,0
418,1787214665.00,-6.004,0.369,-2.842,0.011,1,0,0
419,1787214666.00,-6.012,0.366,-2.774,0.004,1,0,0
420,1787214667.00,-6.004,0.369,-2.859,0.011,1,0,0
421,1787214668.00,-5.991,0.372,-2.951,0.013,1,0,0
422,1787214669.00,-5.976,0.374,-3.050,0.015,1,0,0
423,1787214670.00,-5.970,0.375,3.128,0.016,1,0,0
424,1787214671.00,-5.986,0.376,3.027,0.014,1,0,0
425,1787214672.00,-6.002,0.378,2.930,0.029,0,0,0
426,1787214673.00,-6.142,0.423,2.815,0.258,0,0,0
427,1787214674.00,-6.394,0.487,3.013,0.261,0,149,0
428,1787214675.00,-6.662,0.520,2.980,0.260,0,202,0
429,1787214676.00,-6.925,0.549,3.076,0.260,0,202,0
430,1787214677.00,-7.183,0.585,2.888,0.256,0,248,0
431,1787214678.00,-7.418,0.689,2.550,0.253,0,248,0
432,1787214679.00,-7.566,0.838,2.125,0.234,0,248,0
433,1787214680.00,-7.644,1.089,1.613,0.270,0,213,0
434,1787214681.00,-7.630,1.362,1.529,0.260,0,182,0
435,1787214682.00,-7.626,1.538,1.518,0.049,0,182,0
436,1787214683.00,-7.625,1.554,1.418,0.013,1,171,0
437,1787214684.00,-7.623,1.565,1.326,0.011,1,201,0
438,1787214685.00,-7.620,1.574,1.239,0.009,1,194,0
439,1787214686.00,-7.618,1.581,1.158,0.007,1,188,0
440,1787214687.00,-7.615,1.587,1.081,0.005,1,194,0
441,1787214688.00,-7.613,1.590,1.007,0.003,1,209,0
442,1787214689.00,-7.612,1.592,0.938,0.002,1,216,0
443,1787214690.00,-7.611,1.593,0.871,0.000,1,223,0
444,1787214691.00,-7.610,1.594,0.805,0.000,1,225,0
445,1787214692.00,-7.610,1.594,0.739,0.000,1,241,0
446,1787214693.00,-7.610,1.594,0.673,0.002,1,241,0
447,1787214694.00,-7.612,1.593,0.604,0.003,1,253,1
448,1787214695.00,-7.616,1.590,0.531,0.005,1,253,1
449,1787214696.00,-7.622,1.587,0.453,0.007,1,253,1
450,1787214697.00,-7.629,1.584,0.372,0.009,1,253,1
451,1787214698.00,-7.639,1.580,0.285,0.011,1,253,1
452,1787214699.00,-7.650,1.578,0.193,0.013,1,253,1
453,1787214700.00,-7.663,1.576,0.094,0.015,1,253,1
454,1787214701.00,-7.668,1.575,-0.011,0.016,1,247,0
455,1787214702.00,-7.655,1.574,-0.104,0.007,1,247,0
456,1787214703.00,-7.644,1.573,-0.199,0.012,1,247,0
457,1787214704.00,-7.633,1.570,-0.289,0.010,1,245,0
458,1787214705.00,-7.623,1.567,-0.372,0.008,1,248,0
459,1787214706.00,-7.618,1.564,-0.452,0.006,1,253,1
460,1787214707.00,-7.613,1.562,-0.527,0.004,1,253,1
461,1787214708.00,-7.611,1.560,-0.598,0.002,1,253,1
462,1787214709.00,-7.609,1.559,-0.666,0.001,1,253,1
463,1787214710.00,-7.609,1.559,-0.731,0.001,1,253,1
464,1787214711.00,-7.608,1.558,-0.799,0.001,1,253,1
465,1787214712.00,-7.608,1.558,-0.865,0.001,1,253,1
466,1787214713.00,-7.609,1.559,-0.933,0.003,1,253,1
467,1787214714.00,-7.611,1.562,-0.998,0.003,1,253,1
468,1787214715.00,-7.613,1.566,-1.054,0.004,1,253,1
469,1787214716.00,-7.615,1.570,-1.111,0.005,1,253,1
470,1787214717.00,-7.619,1.578,-1.188,0.009,1,253,1
471,1787214718.00,-7.622,1.588,-1.275,0.011,1,253,1
472,1787214719.00,-7.622,1.583,-1.409,0.090,0,253,1
473,1787214720.00,-7.644,1.387,-1.825,0.210,0,223,0
474,1787214721.00,-7.668,1.296,-1.771,0.002,1,202,0
475,1787214722.00,-7.666,1.307,-1.676,0.014,1,182,0
476,1787214723.00,-7.666,1.322,-1.574,0.016,1,182,0
477,1787214724.00,-7.665,1.314,-1.469,0.015,1,201,0
478,1787214725.00,-7.655,1.266,-1.285,0.138,0,206,0
479,1787214726.00,-7.570,1.043,-1.195,0.259,0,226,0
480,1787214727.00,-7.461,0.817,-0.948,0.238,0,182,0
481,1787214728.00,-7.277,0.626,-0.739,0.260,0,0,0
482,1787214729.00,-7.099,0.433,-0.929,0.262,0,0,0
483,1787214730.00,-6.936,0.223,-0.875,0.261,0,0,0
484,1787214731.00,-6.761,0.020,-0.870,0.259,0,0,0
485,1787214732.00,-6.592,-0.181,-0.861,0.260,0,0,0
486,1787214733.01,-6.418,-0.379,-0.831,0.260,0,241,0
487,1787214734.00,-6.245,-0.570,-0.875,0.259,0,253,1
488,1787214735.00,-6.095,-0.784,-1.071,0.253,0,253,1
489,1787214736.00,-6.033,-1.034,-1.603,0.265,0,247,0
490,1787214737.00,-6.081,-1.286,-1.937,0.250,0,216,0
491,1787214738.00,-6.192,-1.523,-2.050,0.260,0,189,0
492,1787214739.00,-6.325,-1.765,-2.102,0.260,0,0,0
493,1787214740.00,-6.454,-1.995,-2.066,0.259,0,0,0
494,1787214741.00,-6.589,-2.234,-2.113,0.261,0,0,0
495,1787214742.00,-6.716,-2.463,-2.045,0.261,0,0,0
496,1787214743.00,-6.844,-2.695,-2.107,0.261,0,0,0
497,1787214744.00,-6.990,-2.920,-2.172,0.260,0,0,0
498,1787214745.00,-7.140,-3.139,-2.180,0.260,0,0,0
499,1787214746.00,-7.294,-3.357,-2.193,0.260,0,0,0
500,1787214747.00,-7.448,-3.581,-2.164,0.261,0,0,0
501,1787214748.00,-7.597,-3.796,-2.202,0.261,0,226,0
502,1787214749.00,-7.753,-4.009,-2.166,0.259,0,253,1
503,1787214750.00,-7.881,-4.247,-1.966,0.263,0,241,0
504,1787214751.00,-7.958,-4.512,-1.789,0.260,0,235,0
505,1787214752.00,-8.007,-4.754,-1.770,0.261,0,253,1
506,1787214753.00,-8.065,-5.008,-1.746,0.208,0,253,1
507,1787214754.00,-8.058,-5.245,-1.370,0.257,0,223,0
508,1787214755.00,-7.968,-5.440,-0.887,0.240,0,182,0
509,1787214756.00,-7.781,-5.610,-0.661,0.260,0,158,0
510,1787214757.00,-7.619,-5.743,-0.690,0.097,0,150,0
511,1787214758.00,-7.604,-5.756,-0.624,0.001,1,0,0
512,1787214759.00,-7.606,-5.754,-0.554,0.003,1,0,0
513,1787214760.00,-7.609,-5.752,-0.481,0.005,1,0,0
514,1787214761.00,-7.614,-5.750,-0.402,0.007,1,0,0
515,1787214762.00,-7.623,-5.747,-0.321,0.009,1,0,0
516,1787214763.00,-7.633,-5.744,-0.234,0.011,1,0,0
517,1787214764.00,-7.644,-5.742,-0.146,0.013,1,0,0
518,1787214765.00,-7.658,-5.740,-0.048,0.015,1,155,0
519,1787214766.00,-7.669,-5.740,0.058,0.016,1,179,0
520,1787214767.00,-7.655,-5.739,0.161,0.014,1,201,0
521,1787214768.00,-7.644,-5.736,0.257,0.012,1,206,0
522,1787214769.00,-7.634,-5.733,0.347,0.010,1,226,0
523,1787214770.00,-7.626,-5.730,0.432,0.008,1,226,0
524,1787214771.00,-7.618,-5.726,0.512,0.006,1,235,0
525,1787214772.00,-7.613,-5.723,0.588,0.004,1,253,1
526,1787214773.00,-7.610,-5.721,0.659,0.003,1,253,1
527,1787214774.00,-7.609,-5.720,0.727,0.001,1,253,1
528,1787214775.00,-7.609,-5.720,0.793,0.001,1,253,1
529,1787214776.00,-7.609,-5.720,0.861,0.001,1,248,0
530,1787214777.00,-7.609,-5.720,0.927,0.000,1,236,0
531,1787214778.00,-7.613,-5.727,1.180,0.025,0,189,0
532,1787214779.00,-7.619,-5.766,1.606,0.036,0,213,0
533,1787214780.00,-7.621,-5.751,1.729,0.014,1,222,0
534,1787214781.00,-7.624,-5.738,1.825,0.012,1,226,0
535,1787214782.00,-7.627,-5.727,1.915,0.010,1,222,0
536,1787214783.00,-7.630,-5.718,2.001,0.008,1,226,0
537,1787214784.00,-7.639,-5.702,2.114,0.092,0,226,0
538,1787214785.00,-7.762,-5.546,2.269,0.260,0,253,1
539,1787214786.00,-7.911,-5.336,2.048,0.206,0,248,0
540,1787214787.00,-7.952,-5.109,1.445,0.251,0,182,0
541,1787214788.00,-7.869,-4.863,1.115,0.254,0,201,0
542,1787214789.00,-7.753,-4.628,1.200,0.263,0,226,0
543,1787214790.00,-7.684,-4.366,1.367,0.261,0,235,0
544,1787214791.00,-7.607,-4.112,1.162,0.255,0,206,0
545,1787214792.00,-7.481,-3.878,1.028,0.262,0,194,0
546,1787214793.00,-7.334,-3.651,0.965,0.260,0,0,0
547,1787214794.00,-7.182,-3.434,0.990,0.259,0,0,0
548,1787214795.00,-7.045,-3.211,1.018,0.262,0,0,0
549,1787214796.00,-6.899,-2.989,0.969,0.260,0,0,0
550,1787214797.00,-6.752,-2.777,1.010,0.259,0,0,0
551,1787214798.00,-6.621,-2.552,1.041,0.262,0,0,0
552,1787214799.00,-6.475,-2.326,0.978,0.259,0,0,0
553,1787214800.00,-6.331,-2.107,0.984,0.260,0,0,0
554,1787214801.00,-6.177,-1.889,0.910,0.260,0,0,0
555,1787214802.00,-6.005,-1.679,0.885,0.260,0,0,0
556,1787214803.00,-5.845,-1.476,0.922,0.260,0,0,0
557,1787214804.00,-5.693,-1.267,0.935,0.260,0,0,0
558,1787214805.00,-5.532,-1.059,0.944,0.260,0,202,0
559,1787214806.00,-5.398,-0.822,1.114,0.261,0,253,1
560,1787214807.00,-5.265,-0.600,0.902,0.224,0,248,0
561,1787214808.00,-5.100,-0.467,0.457,0.257,0,253,1
562,1787214809.00,-4.850,-0.379,0.313,0.261,0,245,0
563,1787214810.00,-4.607,-0.288,0.441,0.260,0,165,0
564,1787214811.00,-4.365,-0.185,0.277,0.264,0,0,0
565,1787214812.00,-4.099,-0.113,0.321,0.261,0,0,0
566,1787214813.00,-3.841,-0.033,0.248,0.260,0,0,0
567,1787214814.00,-3.595,0.047,0.388,0.261,0,0,0
568,1787214815.00,-3.346,0.141,0.268,0.262,0,0,0
569,1787214816.00,-3.095,0.218,0.376,0.260,0,0,0
570,1787214817.00,-2.845,0.308,0.271,0.260,0,0,0
571,1787214818.00,-2.588,0.358,0.015,0.261,0,0,0
572,1787214819.00,-2.324,0.348,0.040,0.260,0,0,0
573,1787214820.00,-2.071,0.402,0.273,0.259,0,0,0
574,1787214821.00,-1.805,0.433,-0.066,0.258,0,0,0
575,1787214822.00,-1.535,0.416,-0.004,0.260,0,0,0
576,1787214823.00,-1.267,0.430,0.030,0.260,0,0,0
577,1787214824.00,-1.002,0.440,0.030,0.260,0,0,0
578,1787214825.00,-0.741,0.455,0.017,0.260,0,0,0
579,1787214826.00,-0.476,0.464,0.027,0.260,0,0,0
580,1787214827.00,-0.216,0.481,0.049,0.260,0,0,0
581,1787214828.00,0.047,0.495,0.019,0.260,0,0,0
582,1787214829.00,0.301,0.508,0.062,0.260,0,0,0
583,1787214830.00,0.565,0.522,0.028,0.260,0,0,0
584,1787214831.00,0.835,0.541,0.096,0.260,0,0,0
585,1787214832.00,1.109,0.559,0.023,0.260,0,0,0
586,1787214833.00,1.376,0.578,0.141,0.260,0,0,0
587,1787214834.00,1.639,0.597,0.024,0.260,0,0,0
588,1787214835.00,1.901,0.613,0.082,0.260,0,198,0
589,1787214836.00,2.167,0.630,0.106,0.260,0,223,0
590,1787214837.00,2.440,0.652,0.077,0.260,0,247,0
591,1787214838.00,2.701,0.662,0.063,0.260,0,223,0
592,1787214839.00,2.959,0.682,0.108,0.260,0,0,0
593,1787214840.00,3.232,0.700,0.091,0.260,0,0,0
594,1787214841.00,3.495,0.722,0.108,0.260,0,0,0
595,1787214842.00,3.763,0.743,0.099,0.260,0,0,0
596,1787214843.00,4.033,0.766,0.107,0.260,0,0,0
597,1787214844.00,4.289,0.788,0.108,0.248,0,0,0
598,1787214845.00,4.478,0.845,0.542,0.246,0,0,0
599,1787214846.00,4.695,1.011,0.676,0.249,0,0,0
600,1787214847.00,4.883,1.116,0.271,0.267,0,0,0
601,1787214848.00,5.161,1.138,-0.003,0.260,0,0,0
602,1787214849.00,5.423,1.159,0.135,0.260,0,0,0
603,1787214850.00,5.617,1.206,0.471,0.198,0,0,0
604,1787214851.00,5.806,1.348,0.719,0.199,0,182,0
605,1787214852.00,5.939,1.443,0.411,0.158,0,223,0
606,1787214853.00,6.160,1.478,0.028,0.260,0,223,0
607,1787214854.00,6.435,1.485,0.031,0.260,0,223,0
608,1787214855.00,6.695,1.499,0.054,0.260,0,219,0
609,1787214856.00,6.958,1.514,0.070,0.260,0,223,0
610,1787214857.00,7.224,1.534,0.076,0.260,0,223,0
611,1787214858.00,7.486,1.552,0.071,0.260,0,223,0
612,1787214859.00,7.747,1.584,0.243,0.240,0,248,0
613,1787214860.00,7.960,1.692,0.691,0.244,0,253,1
614,1787214861.00,8.113,1.880,1.042,0.265,0,253,1
615,1787214862.00,8.209,2.086,1.304,0.148,0,235,0
616,1787214863.00,8.202,2.275,1.832,0.256,0,198,0
617,1787214864.00,8.118,2.523,1.877,0.260,0,198,0
618,1787214865.00,8.067,2.788,1.740,0.260,0,158,0
619,1787214866.00,8.004,3.045,1.835,0.259,0,0,0
620,1787214867.00,7.943,3.283,1.799,0.149,0,0,0
621,1787214868.00,7.933,3.332,1.700,0.005,1,0,0
622,1787214869.00,7.933,3.331,1.595,0.015,1,0,0
623,1787214870.00,7.934,3.346,1.495,0.013,1,0,0
624,1787214871.00,7.935,3.360,1.401,0.011,1,0,0
625,1787214872.00,7.938,3.370,1.313,0.010,1,0,0
626,1787214873.00,7.940,3.379,1.231,0.008,1,0,0
627,1787214874.00,7.942,3.384,1.153,0.006,1,0,0
628,1787214875.00,7.945,3.389,1.078,0.004,1,0,0
629,1787214876.00,7.946,3.392,1.008,0.002,1,0,0
630,1787214877.00,7.947,3.393,0.941,0.000,1,0,0
631,1787214878.00,7.954,3.402,0.856,0.075,0,0,0
632,1787214879.00,8.092,3.538,0.778,0.260,0,0,0
633,1787214880.00,8.288,3.720,0.717,0.260,0,0,0
634,1787214881.00,8.471,3.893,0.785,0.260,0,0,0
635,1787214882.00,8.671,4.077,0.725,0.260,0,0,0
636,1787214883.00,8.868,4.257,0.752,0.260,0,165,0
637,1787214884.00,9.068,4.417,0.591,0.261,0,253,1
638,1787214885.00,9.280,4.563,0.696,0.234,0,253,1
639,1787214886.00,9.421,4.737,1.112,0.222,0,253,1
640,1787214887.00,9.466,4.978,1.673,0.259,0,223,0
641,1787214888.00,9.383,5.214,2.028,0.248,0,253,1
642,1787214889.00,9.319,5.358,1.923,0.038,0,253,1
643,1787214890.00,9.302,5.444,1.596,0.202,0,253,1
644,1787214891.00,9.345,5.676,1.300,0.179,0,253,1
645,1787214892.00,9.369,5.865,1.694,0.257,0,202,0
646,1787214893.00,9.298,6.111,1.894,0.229,0,253,1
647,1787214894.00,9.250,6.366,1.665,0.260,0,253,1
648,1787214895.00,9.192,6.614,2.029,0.228,0,253,1
649,1787214896.00,9.046,6.795,2.463,0.240,0,253,1
650,1787214897.00,8.855,6.901,2.804,0.115,0,253,1
651,1787214898.00,8.833,6.908,2.890,0.010,1,253,1
652,1787214899.00,8.842,6.906,2.979,0.012,1,253,1
653,1787214900.00,8.856,6.905,3.074,0.014,1,253,1
654,1787214901.00,8.870,6.904,-3.109,0.015,1,253,1
655,1787214902.00,8.869,6.904,-3.007,0.011,1,253,1
656,1787214903.00,8.858,6.902,-2.932,0.010,1,253,1
657,1787214904.00,8.848,6.900,-2.860,0.009,1,253,1
658,1787214905.00,8.841,6.897,-2.791,0.008,1,253,1
659,1787214906.00,8.838,6.896,-2.766,0.000,1,253,1
660,1787214907.00,8.838,6.896,-2.766,0.000,1,253,1
661,1787214908.00,8.838,6.896,-2.766,0.000,1,253,1
662,1787214909.00,8.838,6.896,-2.767,0.000,1,253,1
663,1787214910.00,8.838,6.896,-2.765,0.000,1,253,1
664,1787214911.00,8.838,6.896,-2.765,0.000,1,253,1
665,1787214912.00,8.838,6.896,-2.764,0.000,1,253,1
666,1787214913.00,8.838,6.896,-2.764,0.000,1,253,1
667,1787214914.00,8.838,6.896,-2.764,0.000,1,253,1
668,1787214915.00,8.838,6.896,-2.763,0.000,1,253,1
669,1787214916.00,8.838,6.896,-2.763,0.000,1,253,1
670,1787214917.00,8.838,6.896,-2.763,0.000,1,253,1
671,1787214918.00,8.838,6.896,-2.763,0.000,1,253,1
672,1787214919.00,8.838,6.896,-2.763,0.000,1,253,1
673,1787214920.00,8.838,6.896,-2.762,0.000,1,253,1
674,1787214921.00,8.838,6.896,-2.762,0.000,1,253,1
675,1787214922.00,8.838,6.896,-2.762,0.000,1,253,1
676,1787214923.00,8.838,6.896,-2.762,0.000,1,253,1
677,1787214924.00,8.838,6.896,-2.761,0.000,1,253,1
678,1787214925.00,8.838,6.896,-2.761,0.000,1,253,1
679,1787214926.00,8.838,6.896,-2.761,0.000,1,253,1
680,1787214927.00,8.838,6.896,-2.759,0.000,1,253,1
681,1787214928.00,8.838,6.896,-2.759,0.000,1,253,1
682,1787214929.00,8.838,6.896,-2.759,0.000,1,253,1
683,1787214930.00,8.838,6.896,-2.758,0.000,1,253,1
684,1787214931.00,8.838,6.896,-2.758,0.000,1,253,1
685,1787214932.00,8.838,6.896,-2.757,0.000,1,253,1
686,1787214933.00,8.838,6.896,-2.757,0.000,1,253,1
687,1787214934.00,8.838,6.896,-2.757,0.000,1,253,1
688,1787214935.00,8.838,6.896,-2.756,0.000,1,253,1
689,1787214936.00,8.838,6.896,-2.756,0.000,1,253,1
690,1787214937.00,8.838,6.896,-2.755,0.000,1,253,1
691,1787214938.00,8.838,6.896,-2.755,0.000,1,253,1
692,1787214939.00,8.838,6.896,-2.755,0.000,1,253,1
693,1787214940.00,8.838,6.896,-2.754,0.000,1,253,1
694,1787214941.00,8.838,6.896,-2.754,0.000,1,253,1
695,1787214942.00,8.838,6.896,-2.754,0.000,1,253,1
696,1787214943.00,8.838,6.896,-2.754,0.000,1,253,1
697,1787214944.00,8.838,6.896,-2.754,0.000,1,253,1
698,1787214945.00,8.838,6.896,-2.753,0.000,1,253,1
699,1787214946.00,8.838,6.896,-2.753,0.000,1,253,1
700,1787214947.00,8.838,6.896,-2.753,0.000,1,253,1
701,1787214948.00,8.838,6.896,-2.753,0.000,1,253,1
702,1787214949.00,8.838,6.896,-2.753,0.000,1,253,1
703,1787214950.00,8.838,6.896,-2.753,0.000,1,253,1
704,1787214951.00,8.838,6.896,-2.753,0.000,1,253,1
705,1787214952.00,8.838,6.896,-2.752,0.000,1,253,1
706,1787214953.00,8.838,6.896,-2.752,0.000,1,253,1
707,1787214954.00,8.838,6.896,-2.752,0.000,1,253,1
708,1787214955.00,8.838,6.896,-2.752,0.000,1,253,1
709,1787214956.00,8.838,6.896,-2.751,0.000,1,253,1
710,1787214957.00,8.838,6.896,-2.751,0.000,1,253,1
711,1787214958.00,8.838,6.896,-2.751,0.000,1,253,1
712,1787214959.00,8.838,6.896,-2.750,0.000,1,253,1
713,1787214960.00,8.838,6.896,-2.751,0.000,1,253,1
714,1787214961.00,8.838,6.896,-2.751,0.000,1,253,1
715,1787214962.00,8.838,6.896,-2.751,0.000,1,253,1
716,1787214963.00,8.838,6.896,-2.750,0.000,1,253,1
717,1787214964.00,8.838,6.896,-2.750,0.000,1,253,1
718,1787214965.00,8.838,6.896,-2.750,0.000,1,253,1
719,1787214966.00,8.838,6.896,-2.750,0.000,1,253,1
720,1787214967.00,8.838,6.896,-2.749,0.000,1,253,1
721,1787214968.00,8.838,6.896,-2.749,0.000,1,253,1
722,1787214969.00,8.838,6.896,-2.749,0.000,1,253,1
723,1787214970.00,8.838,6.896,-2.749,0.000,1,253,1
724,1787214971.00,8.838,6.896,-2.749,0.000,1,253,1
725,1787214972.00,8.838,6.896,-2.750,0.000,1,253,1
726,1787214973.00,8.838,6.896,-2.750,0.000,1,253,1
727,1787214974.00,8.838,6.896,-2.750,0.000,1,253,1
728,1787214975.00,8.838,6.896,-2.749,0.000,1,253,1
729,1787214976.00,8.838,6.896,-2.748,0.000,1,253,1
730,1787214977.00,8.838,6.896,-2.748,0.000,1,253,1
731,1787214978.00,8.838,6.896,-2.748,0.000,1,253,1
732,1787214979.00,8.838,6.896,-2.747,0.000,1,253,1
733,1787214980.00,8.838,6.896,-2.746,0.000,1,253,1
734,1787214981.00,8.838,6.896,-2.746,0.000,1,253,1
735,1787214982.00,8.838,6.896,-2.746,0.000,1,253,1
736,1787214983.00,8.838,6.896,-2.746,0.000,1,253,1
737,1787214984.00,8.838,6.896,-2.746,0.000,1,253,1
738,1787214985.00,8.838,6.896,-2.746,0.000,1,253,1
739,1787214986.00,8.838,6.896,-2.745,0.000,1,253,1
740,1787214987.00,8.838,6.896,-2.745,0.000,1,253,1
741,1787214988.00,8.838,6.896,-2.744,0.000,1,253,1
742,1787214989.00,8.838,6.896,-2.744,0.000,1,253,1
743,1787214990.00,8.838,6.896,-2.744,0.000,1,253,1
744,1787214991.00,8.838,6.896,-2.744,0.000,1,253,1
745,1787214992.00,8.838,6.896,-2.744,0.000,1,253,1
746,1787214993.00,8.838,6.896,-2.745,0.000,1,253,1
747,1787214994.00,8.838,6.896,-2.745,0.000,1,253,1
748,1787214995.00,8.838,6.896,-2.744,0.000,1,253,1
749,1787214996.00,8.838,6.896,-2.744,0.000,1,253,1
750,1787214997.00,8.838,6.896,-2.744,0.000,1,253,1
751,1787214998.00,8.838,6.896,-2.743,0.000,1,253,1
752,1787214999.00,8.838,6.896,-2.742,0.000,1,253,1
753,1787215000.00,8.838,6.896,-2.742,0.000,1,253,1
754,1787215001.00,8.838,6.896,-2.742,0.000,1,253,1
755,1787215002.00,8.838,6.896,-2.742,0.000,1,253,1
756,1787215003.00,8.838,6.896,-2.741,0.000,1,253,1
757,1787215004.00,8.838,6.896,-2.741,0.000,1,253,1
758,1787215005.00,8.838,6.896,-2.741,0.000,1,253,1
759,1787215006.00,8.838,6.896,-2.742,0.000,1,253,1
760,1787215007.00,8.838,6.896,-2.742,0.000,1,253,1
761,1787215008.00,8.838,6.896,-2.742,0.000,1,253,1
762,1787215009.00,8.838,6.896,-2.742,0.000,1,253,1
763,1787215010.00,8.838,6.896,-2.742,0.000,1,253,1
764,1787215011.00,8.838,6.896,-2.742,0.000,1,253,1
765,1787215012.00,8.838,6.896,-2.742,0.000,1,253,1
766,1787215013.00,8.838,6.896,-2.741,0.000,1,253,1
767,1787215014.00,8.838,6.896,-2.741,0.000,1,253,1
768,1787215015.00,8.838,6.896,-2.741,0.000,1,253,1
769,1787215016.00,8.838,6.896,-2.740,0.000,1,253,1
770,1787215017.00,8.838,6.896,-2.741,0.000,1,253,1
771,1787215018.00,8.838,6.896,-2.740,0.000,1,253,1
772,1787215019.00,8.838,6.896,-2.739,0.000,1,253,1
773,1787215020.00,8.838,6.896,-2.740,0.000,1,253,1
774,1787215021.00,8.838,6.896,-2.740,0.000,1,253,1
775,1787215022.00,8.838,6.896,-2.740,0.000,1,253,1
776,1787215023.00,8.838,6.896,-2.740,0.000,1,253,1
777,1787215024.00,8.838,6.896,-2.740,0.000,1,253,1
778,1787215025.00,8.838,6.896,-2.740,0.000,1,253,1
779,1787215026.00,8.838,6.896,-2.739,0.000,1,253,1
780,1787215027.00,8.838,6.896,-2.739,0.000,1,253,1
781,1787215028.00,8.838,6.896,-2.739,0.000,1,253,1
782,1787215029.00,8.838,6.896,-2.739,0.000,1,253,1
783,1787215030.00,8.838,6.896,-2.740,0.000,1,253,1
784,1787215031.00,8.838,6.896,-2.740,0.000,1,253,1
785,1787215032.00,8.838,6.896,-2.740,0.000,1,253,1
786,1787215033.00,8.838,6.896,-2.740,0.000,1,253,1
787,1787215034.00,8.838,6.896,-2.739,0.000,1,253,1
788,1787215035.00,8.838,6.896,-2.738,0.000,1,253,1
789,1787215036.00,8.838,6.896,-2.738,0.000,1,253,1
790,1787215037.00,8.838,6.896,-2.739,0.000,1,253,1
791,1787215038.00,8.838,6.896,-2.738,0.000,1,253,1
792,1787215039.00,8.838,6.896,-2.738,0.000,1,253,1
793,1787215040.00,8.838,6.896,-2.739,0.000,1,253,1
794,1787215041.00,8.838,6.896,-2.740,0.000,1,253,1
795,1787215042.00,8.838,6.896,-2.739,0.000,1,253,1
796,1787215043.00,8.838,6.896,-2.740,0.000,1,253,1
797,1787215044.00,8.838,6.896,-2.740,0.000,1,253,1
798,1787215045.00,8.838,6.896,-2.740,0.000,1,253,1
799,1787215046.00,8.838,6.896,-2.739,0.000,1,253,1
800,1787215047.00,8.838,6.896,-2.739,0.000,1,253,1
801,1787215048.00,8.838,6.896,-2.739,0.000,1,253,1
802,1787215049.00,8.838,6.896,-2.739,0.000,1,253,1
803,1787215050.00,8.838,6.896,-2.739,0.000,1,253,1
804,1787215051.00,8.838,6.896,-2.739,0.000,1,253,1
805,1787215052.00,8.838,6.896,-2.739,0.000,1,253,1
806,1787215053.00,8.838,6.896,-2.739,0.000,1,253,1
807,1787215054.00,8.838,6.896,-2.739,0.000,1,253,1
808,1787215055.00,8.838,6.896,-2.739,0.000,1,253,1
809,1787215056.00,8.838,6.896,-2.738,0.000,1,253,1
810,1787215057.00,8.838,6.896,-2.737,0.000,1,253,1
811,1787215058.00,8.838,6.896,-2.737,0.000,1,253,1
812,1787215059.00,8.838,6.896,-2.736,0.000,1,253,1
813,1787215060.00,8.838,6.896,-2.737,0.000,1,253,1
814,1787215061.00,8.838,6.896,-2.737,0.000,1,253,1
815,1787215062.00,8.838,6.896,-2.736,0.000,1,253,1
816,1787215063.00,8.838,6.896,-2.736,0.000,1,253,1
817,1787215064.00,8.838,6.896,-2.736,0.000,1,253,1
818,1787215065.00,8.838,6.896,-2.737,0.000,1,253,1
819,1787215066.00,8.838,6.896,-2.736,0.000,1,253,1
820,1787215067.00,8.838,6.896,-2.736,0.000,1,253,1
821,1787215068.00,8.838,6.896,-2.736,0.000,1,253,1
822,1787215069.00,8.838,6.896,-2.736,0.000,1,253,1
823,1787215070.00,8.838,6.896,-2.737,0.000,1,253,1
824,1787215071.00,8.838,6.896,-2.737,0.000,1,253,1
825,1787215072.00,8.838,6.896,-2.736,0.000,1,253,1
826,1787215073.00,8.838,6.896,-2.736,0.000,1,253,1
827,1787215074.00,8.838,6.896,-2.736,0.000,1,253,1
828,1787215075.00,8.838,6.896,-2.736,0.000,1,253,1
829,1787215076.00,8.838,6.896,-2.735,0.000,1,253,1
830,1787215077.00,8.838,6.896,-2.735,0.000,1,253,1
831,1787215078.00,8.838,6.896,-2.735,0.000,1,253,1
832,1787215079.00,8.838,6.896,-2.734,0.000,1,253,1
833,1787215080.00,8.838,6.896,-2.733,0.000,1,253,1
834,1787215081.00,8.838,6.896,-2.733,0.000,1,253,1
835,1787215082.00,8.838,6.896,-2.732,0.000,1,253,1
836,1787215083.00,8.838,6.896,-2.732,0.000,1,253,1
837,1787215084.00,8.838,6.896,-2.731,0.000,1,253,1
838,1787215085.00,8.838,6.896,-2.731,0.000,1,253,1
839,1787215086.00,8.838,6.896,-2.731,0.000,1,253,1
840,1787215087.00,8.838,6.896,-2.731,0.000,1,253,1
841,1787215088.00,8.838,6.896,-2.730,0.000,1,253,1
842,1787215089.00,8.838,6.896,-2.729,0.000,1,253,1
843,1787215090.00,8.838,6.896,-2.729,0.000,1,253,1
844,1787215091.00,8.838,6.896,-2.728,0.000,1,253,1
845,1787215092.00,8.838,6.896,-2.726,0.000,1,253,1
846,1787215093.00,8.838,6.896,-2.726,0.000,1,253,1
847,1787215094.00,8.838,6.896,-2.726,0.000,1,253,1
848,1787215095.00,8.838,6.896,-2.726,0.000,1,253,1
849,1787215096.00,8.838,6.896,-2.725,0.000,1,253,1
850,1787215097.00,8.838,6.896,-2.726,0.000,1,253,1
851,1787215098.00,8.838,6.896,-2.725,0.000,1,253,1
852,1787215099.00,8.838,6.896,-2.724,0.000,1,253,1
853,1787215100.00,8.838,6.896,-2.725,0.000,1,253,1
854,1787215101.00,8.838,6.896,-2.724,0.000,1,253,1
855,1787215102.00,8.838,6.896,-2.723,0.000,1,253,1
856,1787215103.00,8.838,6.896,-2.723,0.000,1,253,1
857,1787215104.00,8.838,6.896,-2.722,0.000,1,253,1
858,1787215105.00,8.838,6.896,-2.721,0.000,1,253,1
859,1787215106.00,8.838,6.896,-2.721,0.000,1,253,1
860,1787215107.00,8.838,6.896,-2.720,0.000,1,253,1
861,1787215108.00,8.838,6.896,-2.719,0.000,1,253,1
862,1787215109.00,8.838,6.896,-2.720,0.000,1,253,1
863,1787215110.00,8.838,6.896,-2.719,0.000,1,253,1
864,1787215111.00,8.838,6.896,-2.719,0.000,1,253,1
865,1787215112.00,8.838,6.896,-2.719,0.000,1,253,1
866,1787215113.00,8.838,6.896,-2.719,0.000,1,253,1
867,1787215114.00,8.838,6.896,-2.718,0.000,1,253,1
868,1787215115.00,8.838,6.896,-2.719,0.000,1,253,1
869,1787215116.00,8.838,6.896,-2.719,0.000,1,253,1
870,1787215117.00,8.838,6.896,-2.718,0.000,1,253,1
871,1787215118.00,8.838,6.896,-2.717,0.000,1,253,1
872,1787215119.00,8.838,6.896,-2.717,0.000,1,253,1
873,1787215120.00,8.838,6.896,-2.716,0.000,1,253,1
874,1787215121.00,8.838,6.896,-2.716,0.000,1,253,1
875,1787215122.00,8.838,6.896,-2.716,0.000,1,253,1
876,1787215123.00,8.838,6.896,-2.715,0.000,1,253,1
877,1787215124.00,8.838,6.896,-2.714,0.000,1,253,1
878,1787215125.00,8.838,6.896,-2.713,0.000,1,253,1
879,1787215126.00,8.838,6.896,-2.713,0.000,1,253,1
880,1787215127.00,8.838,6.896,-2.713,0.000,1,253,1
881,1787215128.00,8.838,6.896,-2.713,0.000,1,253,1
882,1787215129.00,8.838,6.896,-2.713,0.000,1,253,1
883,1787215130.00,8.838,6.896,-2.712,0.000,1,253,1
884,1787215131.00,8.838,6.896,-2.713,0.000,1,253,1
885,1787215132.00,8.838,6.896,-2.712,0.000,1,253,1
886,1787215133.00,8.838,6.896,-2.712,0.000,1,253,1
887,1787215134.00,8.838,6.896,-2.712,0.000,1,253,1
888,1787215135.00,8.838,6.896,-2.712,0.000,1,253,1
889,1787215136.00,8.838,6.896,-2.712,0.000,1,253,1
890,1787215137.00,8.838,6.896,-2.710,0.000,1,253,1
891,1787215138.00,8.838,6.896,-2.710,0.000,1,253,1
892,1787215139.00,8.838,6.896,-2.709,0.000,1,253,1
893,1787215140.00,8.838,6.896,-2.709,0.000,1,253,1
894,1787215141.00,8.838,6.896,-2.708,0.000,1,253,1
895,1787215142.00,8.838,6.896,-2.708,0.000,1,253,1
896,1787215143.00,8.838,6.896,-2.708,0.000,1,253,1
897,1787215144.00,8.838,6.896,-2.707,0.000,1,253,1
898,1787215145.00,8.838,6.896,-2.707,0.000,1,253,1
899,1787215146.00,8.838,6.896,-2.706,0.000,1,253,1
900,1787215147.00,8.838,6.896,-2.705,0.000,1,253,1
901,1787215148.00,8.838,6.896,-2.705,0.000,1,253,1
902,1787215149.00,8.838,6.896,-2.704,0.000,1,253,1
903,1787215150.00,8.838,6.896,-2.704,0.000,1,253,1
904,1787215151.00,8.838,6.896,-2.703,0.000,1,253,1
905,1787215152.00,8.838,6.896,-2.703,0.000,1,253,1
906,1787215153.00,8.838,6.896,-2.703,0.000,1,253,1
907,1787215154.00,8.838,6.896,-2.702,0.000,1,253,1
908,1787215155.00,8.838,6.896,-2.702,0.000,1,253,1
909,1787215156.00,8.838,6.896,-2.702,0.000,1,253,1
910,1787215157.00,8.838,6.896,-2.702,0.000,1,253,1
911,1787215158.00,8.838,6.896,-2.702,0.000,1,253,1
912,1787215159.00,8.838,6.896,-2.701,0.000,1,253,1
913,1787215160.00,8.838,6.896,-2.701,0.000,1,253,1
914,1787215161.00,8.838,6.896,-2.702,0.000,1,253,1
915,1787215162.00,8.838,6.896,-2.701,0.000,1,253,1
916,1787215163.00,8.838,6.896,-2.701,0.000,1,253,1
917,1787215164.00,8.838,6.896,-2.700,0.000,1,253,1
918,1787215165.00,8.838,6.896,-2.700,0.000,1,253,1
919,1787215166.00,8.838,6.896,-2.700,0.000,1,253,1
920,1787215167.00,8.838,6.896,-2.700,0.000,1,253,1
921,1787215168.00,8.838,6.896,-2.699,0.000,1,253,1
922,1787215169.00,8.838,6.896,-2.699,0.000,1,253,1
923,1787215170.00,8.838,6.896,-2.699,0.000,1,253,1
924,1787215171.00,8.838,6.896,-2.700,0.000,1,253,1
925,1787215172.00,8.838,6.896,-2.699,0.000,1,253,1
926,1787215173.00,8.838,6.896,-2.699,0.000,1,253,1
927,1787215174.00,8.838,6.896,-2.698,0.000,1,253,1
928,1787215175.00,8.838,6.896,-2.699,0.000,1,253,1
929,1787215176.00,8.838,6.896,-2.698,0.000,1,253,1
930,1787215177.00,8.838,6.896,-2.698,0.000,1,253,1
931,1787215178.00,8.838,6.896,-2.697,0.000,1,253,1
932,1787215179.00,8.838,6.896,-2.696,0.000,1,253,1
