t,robot,x,y
58.0,leo1,1.100,-0.000
58.0,leo2,3.062,-0.000
60.0,leo1,1.100,-0.000
60.0,leo2,3.062,-0.000
62.0,leo1,1.100,-0.000
62.0,leo2,3.062,-0.000
64.0,leo1,1.100,-0.000
64.0,leo2,3.062,-0.000
66.0,leo1,1.100,0.037
66.0,leo2,3.062,-0.035
68.0,leo1,1.074,0.041
68.0,leo2,3.039,-0.038
70.0,leo1,0.987,0.041
70.0,leo2,2.953,-0.039
72.0,leo1,0.847,0.108
72.0,leo2,2.837,-0.069
74.0,leo1,0.323,0.106
74.0,leo2,2.327,-0.080
76.0,leo1,-0.204,0.108
76.0,leo2,1.815,-0.076
78.0,leo1,-0.729,0.117
78.0,leo2,1.295,-0.074
80.0,leo1,-1.202,0.125
80.0,leo2,0.775,-0.053
82.0,leo1,-1.666,0.104
82.0,leo2,0.246,-0.068
84.0,leo1,-2.185,0.104
84.0,leo2,-0.274,-0.073
86.0,leo1,-2.647,0.091
86.0,leo2,-0.784,-0.053
88.0,leo1,-3.195,0.015
88.0,leo2,-1.292,-0.052
90.0,leo1,-3.678,0.016
90.0,leo2,-1.741,-0.033
92.0,leo1,-3.900,0.016
92.0,leo2,-2.261,-0.035
94.0,leo1,-4.259,0.041
94.0,leo2,-2.791,-0.062
96.0,leo1,-4.824,0.168
96.0,leo2,-3.000,-0.030
98.0,leo1,-5.320,0.248
98.0,leo2,-3.340,0.004
100.0,leo1,-5.855,0.262
100.0,leo2,-3.860,0.014
102.0,leo1,-6.385,0.269
102.0,leo2,-4.380,0.001
104.0,leo1,-6.793,0.296
104.0,leo2,-4.900,-0.004
106.0,leo1,-6.862,0.316
106.0,leo2,-5.420,-0.012
108.0,leo1,-6.862,0.316
108.0,leo2,-5.940,-0.011
110.0,leo1,-6.863,0.345
110.0,leo2,-6.470,0.001
112.0,leo1,-7.104,0.438
112.0,leo2,-7.008,-0.005
114.0,leo1,-7.082,0.572
114.0,leo2,-7.310,0.018
116.0,leo1,-6.705,0.511
116.0,leo2,-7.309,0.042
118.0,leo1,-6.212,0.408
118.0,leo2,-7.216,0.042
120.0,leo1,-5.677,0.407
120.0,leo2,-7.119,0.093
122.0,leo1,-5.131,0.405
122.0,leo2,-6.715,0.096
124.0,leo1,-4.606,0.408
124.0,leo2,-6.185,0.087
126.0,leo1,-4.121,0.409
126.0,leo2,-5.665,0.084
128.0,leo1,-3.586,0.409
128.0,leo2,-5.165,0.084
130.0,leo1,-3.066,0.409
130.0,leo2,-4.645,0.083
132.0,leo1,-2.556,0.409
132.0,leo2,-4.115,0.084
134.0,leo1,-2.026,0.409
134.0,leo2,-3.595,0.083
136.0,leo1,-1.516,0.409
136.0,leo2,-3.075,0.083
138.0,leo1,-1.017,0.409
138.0,leo2,-2.555,0.083
140.0,leo1,-0.513,0.409
140.0,leo2,-2.035,0.083
142.0,leo1,0.054,0.409
142.0,leo2,-1.515,0.083
144.0,leo1,0.574,0.409
144.0,leo2,-0.995,0.083
146.0,leo1,1.094,0.408
146.0,leo2,-0.485,0.083
148.0,leo1,1.578,0.408
148.0,leo2,0.035,0.083
150.0,leo1,2.129,0.408
150.0,leo2,0.565,0.083
152.0,leo1,2.613,0.407
152.0,leo2,1.085,0.083
154.0,leo1,3.164,0.406
154.0,leo2,1.605,0.083
156.0,leo1,3.684,0.402
156.0,leo2,2.135,0.083
158.0,leo1,4.204,0.402
158.0,leo2,2.655,0.083
160.0,leo1,4.724,0.402
160.0,leo2,3.175,0.083
162.0,leo1,5.207,0.402
162.0,leo2,3.695,0.083
164.0,leo1,5.732,0.398
164.0,leo2,4.205,0.083
166.0,leo1,6.294,0.393
166.0,leo2,4.725,0.083
168.0,leo1,6.773,0.384
168.0,leo2,5.245,0.083
170.0,leo1,7.118,0.340
170.0,leo2,5.607,0.089
172.0,leo1,7.116,0.316
172.0,leo2,5.607,0.124
174.0,leo1,7.032,0.316
174.0,leo2,5.530,0.123
176.0,leo1,6.967,0.298
176.0,leo2,5.375,0.241
178.0,leo1,6.656,0.318
178.0,leo2,4.877,0.402
180.0,leo1,6.141,0.374
180.0,leo2,4.353,0.429
182.0,leo1,5.596,0.394
182.0,leo2,3.843,0.432
184.0,leo1,5.107,0.405
184.0,leo2,3.323,0.433
186.0,leo1,4.581,0.408
186.0,leo2,2.803,0.433
188.0,leo1,4.067,0.409
188.0,leo2,2.283,0.433
190.0,leo1,3.501,0.409
190.0,leo2,1.773,0.433
192.0,leo1,2.991,0.409
192.0,leo2,1.253,0.433
194.0,leo1,2.502,0.409
194.0,leo2,0.723,0.442
196.0,leo1,1.977,0.409
196.0,leo2,0.291,0.574
198.0,leo1,1.467,0.409
198.0,leo2,0.083,0.857
200.0,leo1,0.932,0.408
200.0,leo2,0.001,1.340
202.0,leo1,0.411,0.495
202.0,leo2,-0.004,1.859
204.0,leo1,0.142,0.709
204.0,leo2,-0.001,2.379
206.0,leo1,0.003,1.115
206.0,leo2,-0.001,2.899
208.0,leo1,0.000,1.645
208.0,leo2,-0.005,3.419
210.0,leo1,0.002,2.165
210.0,leo2,-0.009,3.939
212.0,leo1,0.002,2.638
212.0,leo2,-0.029,4.459
214.0,leo1,0.003,3.184
214.0,leo2,-0.074,4.737
216.0,leo1,0.003,3.699
216.0,leo2,-0.074,4.737
218.0,leo1,0.002,4.123
218.0,leo2,-0.092,4.979
220.0,leo1,-0.013,4.221
220.0,leo2,0.036,5.474
222.0,leo1,-0.036,4.221
222.0,leo2,0.227,5.941
224.0,leo1,-0.036,4.221
224.0,leo2,0.309,6.105
226.0,leo1,-0.037,4.221
226.0,leo2,0.316,6.106
228.0,leo1,0.034,4.233
228.0,leo2,0.316,6.057
230.0,leo1,0.198,4.432
230.0,leo2,0.317,5.996
232.0,leo1,0.577,4.731
232.0,leo2,0.362,5.739
234.0,leo1,1.018,5.087
234.0,leo2,0.345,5.219
236.0,leo1,1.399,5.410
236.0,leo2,0.343,4.699
238.0,leo1,1.818,5.752
238.0,leo2,0.341,4.179
240.0,leo1,2.204,6.066
240.0,leo2,0.340,3.659
242.0,leo1,2.359,6.191
242.0,leo2,0.336,3.139
244.0,leo1,2.359,6.191
244.0,leo2,0.298,2.620
246.0,leo1,2.359,6.184
246.0,leo2,0.217,2.105
248.0,leo1,2.359,6.095
248.0,leo2,0.096,1.598
250.0,leo1,2.338,6.089
250.0,leo2,-0.027,1.091
252.0,leo1,2.249,5.761
252.0,leo2,-0.241,0.671
254.0,leo1,2.033,5.258
254.0,leo2,-0.565,0.475
256.0,leo1,1.798,4.769
256.0,leo2,-1.073,0.385
258.0,leo1,1.579,4.298
258.0,leo2,-1.579,0.324
260.0,leo1,1.369,3.856
260.0,leo2,-2.091,0.231
262.0,leo1,1.145,3.374
262.0,leo2,-2.593,0.148
264.0,leo1,0.913,2.919
264.0,leo2,-3.104,0.072
266.0,leo1,0.646,2.434
266.0,leo2,-3.617,-0.039
268.0,leo1,0.383,2.003
268.0,leo2,-4.123,-0.158
270.0,leo1,0.129,1.559
270.0,leo2,-4.642,-0.286
272.0,leo1,-0.036,1.068
272.0,leo2,-5.142,-0.426
274.0,leo1,-0.293,0.635
274.0,leo2,-5.616,-0.593
276.0,leo1,-0.612,0.458
276.0,leo2,-5.850,-0.848
278.0,leo1,-1.141,0.390
278.0,leo2,-5.937,-1.308
280.0,leo1,-1.645,0.317
280.0,leo2,-6.024,-1.823
282.0,leo1,-2.134,0.252
282.0,leo2,-6.133,-2.332
284.0,leo1,-2.642,0.166
284.0,leo2,-6.276,-2.823
286.0,leo1,-3.184,0.076
286.0,leo2,-6.370,-3.047
288.0,leo1,-3.666,-0.003
288.0,leo2,-6.370,-3.047
290.0,leo1,-4.169,-0.120
290.0,leo2,-6.340,-3.047
292.0,leo1,-4.685,-0.269
292.0,leo2,-6.191,-3.203
294.0,leo1,-5.202,-0.408
294.0,leo2,-5.795,-3.504
296.0,leo1,-5.666,-0.618
296.0,leo2,-5.373,-3.807
298.0,leo1,-5.865,-0.862
298.0,leo2,-4.938,-4.107
300.0,leo1,-6.000,-1.352
300.0,leo2,-4.520,-4.419
302.0,leo1,-6.195,-1.857
302.0,leo2,-4.127,-4.747
304.0,leo1,-6.384,-2.229
304.0,leo2,-3.803,-5.082
306.0,leo1,-6.470,-2.513
306.0,leo2,-3.722,-5.180
308.0,leo1,-6.626,-2.632
308.0,leo2,-3.722,-5.180
310.0,leo1,-7.073,-2.789
310.0,leo2,-3.659,-5.230
312.0,leo1,-7.562,-2.992
312.0,leo2,-3.298,-5.248
314.0,leo1,-8.056,-3.173
314.0,leo2,-2.779,-5.201
316.0,leo1,-8.519,-3.382
316.0,leo2,-2.262,-5.144
318.0,leo1,-9.023,-3.588
318.0,leo2,-1.747,-5.059
320.0,leo1,-9.392,-3.778
320.0,leo2,-1.329,-4.943
322.0,leo1,-9.598,-3.947
322.0,leo2,-1.260,-4.914
324.0,leo1,-9.540,-3.946
324.0,leo2,-1.260,-4.914
326.0,leo1,-9.487,-3.946
326.0,leo2,-1.260,-4.898
328.0,leo1,-9.244,-3.997
328.0,leo2,-1.307,-4.900
330.0,leo1,-8.751,-3.961
330.0,leo2,-1.445,-4.784
332.0,leo1,-8.244,-3.907
332.0,leo2,-1.818,-4.509
334.0,leo1,-7.732,-3.786
334.0,leo2,-2.259,-4.224
336.0,leo1,-7.173,-3.756
336.0,leo2,-2.689,-3.940
338.0,leo1,-6.685,-3.767
338.0,leo2,-3.114,-3.641
340.0,leo1,-6.171,-3.813
340.0,leo2,-3.539,-3.341
342.0,leo1,-5.644,-3.877
342.0,leo2,-3.971,-3.051
344.0,leo1,-5.112,-3.954
344.0,leo2,-4.404,-2.764
346.0,leo1,-4.598,-4.067
346.0,leo2,-4.830,-2.466
348.0,leo1,-4.135,-4.190
348.0,leo2,-5.252,-2.161
350.0,leo1,-3.640,-4.359
350.0,leo2,-5.673,-1.847
352.0,leo1,-3.278,-4.514
352.0,leo2,-5.911,-1.487
354.0,leo1,-3.254,-4.491
354.0,leo2,-6.064,-0.990
356.0,leo1,-3.254,-4.438
356.0,leo2,-6.343,-0.553
358.0,leo1,-3.260,-4.308
358.0,leo2,-6.736,-0.216
360.0,leo1,-3.395,-3.842
360.0,leo2,-7.143,0.108
362.0,leo1,-3.630,-3.395
362.0,leo2,-7.555,0.423
364.0,leo1,-3.893,-2.944
364.0,leo2,-7.879,0.737
366.0,leo1,-4.209,-2.526
366.0,leo2,-8.032,1.140
368.0,leo1,-4.527,-2.233
368.0,leo2,-8.166,1.636
370.0,leo1,-4.978,-2.095
370.0,leo2,-8.481,2.040
372.0,leo1,-5.434,-1.948
372.0,leo2,-8.872,2.383
374.0,leo1,-5.791,-1.701
374.0,leo2,-9.251,2.739
376.0,leo1,-5.934,-1.315
376.0,leo2,-9.613,3.112
378.0,leo1,-5.914,-0.881
378.0,leo2,-9.967,3.485
380.0,leo1,-5.649,-0.589
380.0,leo2,-10.144,3.672
382.0,leo1,-5.245,-0.412
382.0,leo2,-10.236,3.825
384.0,leo1,-4.679,-0.398
384.0,leo2,-10.403,4.314
386.0,leo1,-4.208,-0.395
386.0,leo2,-10.582,4.804
388.0,leo1,-3.662,-0.394
388.0,leo2,-10.815,5.273
390.0,leo1,-3.168,-0.394
390.0,leo2,-10.976,5.527
392.0,leo1,-2.622,-0.402
392.0,leo2,-10.976,5.527
394.0,leo1,-2.072,-0.403
394.0,leo2,-10.950,5.527
396.0,leo1,-1.557,-0.404
396.0,leo2,-10.889,5.528
398.0,leo1,-1.052,-0.404
398.0,leo2,-10.902,5.527
400.0,leo1,-0.531,-0.404
400.0,leo2,-10.902,5.527
402.0,leo1,-0.027,-0.404
402.0,leo2,-10.902,5.527
404.0,leo1,0.478,-0.403
404.0,leo2,-10.847,5.502
406.0,leo1,0.998,-0.403
406.0,leo2,-10.755,5.461
408.0,leo1,1.548,-0.402
408.0,leo2,-10.664,5.420
410.0,leo1,2.078,-0.402
410.0,leo2,-10.627,5.386
412.0,leo1,2.568,-0.401
412.0,leo2,-10.627,5.332
414.0,leo1,3.098,-0.399
414.0,leo2,-10.683,5.144
416.0,leo1,3.628,-0.397
416.0,leo2,-10.548,4.726
418.0,leo1,4.163,-0.402
418.0,leo2,-10.359,4.241
420.0,leo1,4.683,-0.393
420.0,leo2,-10.073,3.870
422.0,leo1,5.199,-0.452
422.0,leo2,-9.793,3.739
424.0,leo1,5.621,-0.591
424.0,leo2,-9.282,3.779
426.0,leo1,5.866,-0.885
426.0,leo2,-8.777,3.902
428.0,leo1,6.002,-1.392
428.0,leo2,-8.270,4.017
430.0,leo1,6.139,-1.849
430.0,leo2,-7.781,4.187
432.0,leo1,6.379,-2.368
432.0,leo2,-7.703,4.235
434.0,leo1,6.510,-2.603
434.0,leo2,-7.712,4.235
436.0,leo1,6.703,-2.694
436.0,leo2,-7.670,4.235
438.0,leo1,7.233,-2.804
438.0,leo2,-7.518,4.449
440.0,leo1,7.735,-2.945
440.0,leo2,-7.162,4.815
442.0,leo1,8.176,-3.014
442.0,leo2,-6.979,4.998
444.0,leo1,8.552,-3.256
444.0,leo2,-6.979,4.916
446.0,leo1,8.935,-3.608
446.0,leo2,-6.982,4.887
448.0,leo1,9.288,-3.938
448.0,leo2,-6.980,4.581
450.0,leo1,9.540,-4.121
450.0,leo2,-7.071,4.067
452.0,leo1,9.540,-4.121
452.0,leo2,-7.166,3.555
454.0,leo1,9.539,-4.123
454.0,leo2,-7.283,3.047
456.0,leo1,9.487,-4.120
456.0,leo2,-7.438,2.548
458.0,leo1,9.493,-4.108
458.0,leo2,-7.633,2.063
460.0,leo1,9.493,-4.108
460.0,leo2,-7.855,1.594
462.0,leo1,9.493,-4.108
462.0,leo2,-7.985,1.092
464.0,leo1,9.448,-4.116
464.0,leo2,-7.905,0.671
466.0,leo1,9.346,-4.134
466.0,leo2,-7.547,0.300
468.0,leo1,9.247,-4.152
468.0,leo2,-7.130,-0.008
470.0,leo1,9.188,-4.151
470.0,leo2,-6.718,-0.327
472.0,leo1,9.187,-4.135
472.0,leo2,-6.314,-0.664
474.0,leo1,9.101,-4.099
474.0,leo2,-6.080,-1.054
476.0,leo1,8.638,-3.989
476.0,leo2,-6.064,-1.540
478.0,leo1,8.158,-3.840
478.0,leo2,-6.299,-1.958
480.0,leo1,7.651,-3.648
480.0,leo2,-6.644,-2.348
482.0,leo1,7.171,-3.503
482.0,leo2,-6.999,-2.728
484.0,leo1,6.894,-3.471
484.0,leo2,-7.345,-3.115
486.0,leo1,6.476,-3.519
486.0,leo2,-7.691,-3.504
488.0,leo1,5.984,-3.665
488.0,leo2,-8.035,-3.893
490.0,leo1,5.494,-3.842
490.0,leo2,-8.286,-4.346
492.0,leo1,4.974,-4.045
492.0,leo2,-8.457,-4.836
494.0,leo1,4.532,-4.243
494.0,leo2,-8.633,-5.151
496.0,leo1,4.023,-4.400
496.0,leo2,-9.018,-5.500
498.0,leo1,3.724,-4.543
498.0,leo2,-9.405,-5.847
500.0,leo1,3.407,-4.896
500.0,leo2,-9.797,-6.189
502.0,leo1,3.060,-5.304
502.0,leo2,-10.193,-6.526
504.0,leo1,2.686,-5.665
504.0,leo2,-10.584,-6.869
506.0,leo1,2.247,-5.996
506.0,leo2,-10.698,-6.969
508.0,leo1,1.835,-6.305
508.0,leo2,-10.611,-6.968
510.0,leo1,1.556,-6.539
510.0,leo2,-10.554,-6.987
512.0,leo1,1.554,-6.541
512.0,leo2,-10.232,-7.001
514.0,leo1,1.554,-6.523
514.0,leo2,-9.720,-6.910
516.0,leo1,1.554,-6.438
516.0,leo2,-9.212,-6.790
518.0,leo1,1.553,-6.437
518.0,leo2,-8.697,-6.688
520.0,leo1,1.553,-6.437
520.0,leo2,-8.196,-6.566
522.0,leo1,1.568,-6.451
522.0,leo2,-8.039,-6.502
524.0,leo1,1.642,-6.524
524.0,leo2,-7.994,-6.368
526.0,leo1,1.716,-6.596
526.0,leo2,-8.075,-5.937
528.0,leo1,1.774,-6.653
528.0,leo2,-8.168,-5.756
530.0,leo1,1.747,-6.559
530.0,leo2,-8.382,-5.402
532.0,leo1,1.784,-6.136
532.0,leo2,-8.514,-4.940
534.0,leo1,1.865,-5.701
534.0,leo2,-8.354,-4.450
536.0,leo1,1.927,-5.263
536.0,leo2,-8.128,-3.976
538.0,leo1,1.935,-5.216
538.0,leo2,-7.811,-3.561
540.0,leo1,1.936,-5.220
540.0,leo2,-7.485,-3.156
542.0,leo1,1.936,-5.220
542.0,leo2,-7.158,-2.751
544.0,leo1,1.936,-5.220
544.0,leo2,-6.822,-2.354
546.0,leo1,2.038,-5.234
546.0,leo2,-6.472,-1.970
548.0,leo1,2.139,-5.249
548.0,leo2,-6.130,-1.581
550.0,leo1,2.233,-5.263
550.0,leo2,-5.925,-1.101
552.0,leo1,2.243,-5.264
552.0,leo2,-5.700,-0.649
554.0,leo1,2.243,-5.264
554.0,leo2,-5.407,-0.444
556.0,leo1,2.243,-5.264
556.0,leo2,-5.024,-0.435
558.0,leo1,2.242,-5.234
558.0,leo2,-4.647,-0.334
560.0,leo1,2.269,-5.209
560.0,leo2,-4.145,-0.184
562.0,leo1,2.395,-4.922
562.0,leo2,-3.637,-0.202
564.0,leo1,2.703,-4.545
564.0,leo2,-3.127,-0.212
566.0,leo1,3.038,-4.141
566.0,leo2,-2.816,-0.225
568.0,leo1,3.399,-3.717
568.0,leo2,-2.817,-0.254
570.0,leo1,3.766,-3.378
570.0,leo2,-2.907,-0.254
572.0,leo1,4.176,-3.025
572.0,leo2,-3.006,-0.312
574.0,leo1,4.577,-2.695
574.0,leo2,-3.361,-0.324
576.0,leo1,4.964,-2.372
576.0,leo2,-3.808,-0.217
578.0,leo1,5.361,-2.036
578.0,leo2,-4.327,-0.219
580.0,leo1,5.753,-1.713
580.0,leo2,-4.837,-0.220
582.0,leo1,5.967,-1.336
582.0,leo2,-5.357,-0.217
584.0,leo1,5.941,-0.917
584.0,leo2,-5.887,-0.217
586.0,leo1,5.637,-0.590
586.0,leo2,-6.391,-0.200
588.0,leo1,5.203,-0.466
588.0,leo2,-6.853,-0.013
590.0,leo1,4.652,-0.463
590.0,leo2,-7.283,0.283
592.0,leo1,4.121,-0.458
592.0,leo2,-7.691,0.594
594.0,leo1,3.591,-0.461
594.0,leo2,-7.899,0.971
596.0,leo1,3.071,-0.466
596.0,leo2,-7.946,1.487
598.0,leo1,2.562,-0.468
598.0,leo2,-7.747,1.965
600.0,leo1,2.021,-0.469
600.0,leo2,-7.511,2.430
602.0,leo1,1.522,-0.467
602.0,leo2,-7.373,2.747
604.0,leo1,0.992,-0.454
604.0,leo2,-7.385,3.266
606.0,leo1,0.471,-0.460
606.0,leo2,-7.390,3.786
608.0,leo1,-0.007,-0.461
608.0,leo2,-7.399,4.306
610.0,leo1,-0.589,-0.447
610.0,leo2,-7.460,4.824
612.0,leo1,-1.072,-0.429
612.0,leo2,-7.583,5.332
614.0,leo1,-1.613,-0.419
614.0,leo2,-7.815,5.803
616.0,leo1,-2.138,-0.413
616.0,leo2,-8.125,6.072
618.0,leo1,-2.658,-0.416
618.0,leo2,-8.512,6.163
620.0,leo1,-3.178,-0.410
620.0,leo2,-8.845,6.078
622.0,leo1,-3.692,-0.418
622.0,leo2,-8.904,6.030
624.0,leo1,-4.197,-0.421
624.0,leo2,-8.911,6.036
626.0,leo1,-4.673,-0.422
626.0,leo2,-8.911,6.110
628.0,leo1,-5.214,-0.439
628.0,leo2,-8.904,6.128
630.0,leo1,-5.671,-0.577
630.0,leo2,-8.808,6.129
632.0,leo1,-5.889,-0.812
632.0,leo2,-8.714,6.177
634.0,leo1,-5.980,-1.236
634.0,leo2,-8.629,6.190
636.0,leo1,-6.157,-1.743
636.0,leo2,-8.629,6.190
638.0,leo1,-6.416,-2.213
638.0,leo2,-8.630,6.189
640.0,leo1,-6.664,-2.613
640.0,leo2,-8.729,6.181
642.0,leo1,-7.001,-3.051
642.0,leo2,-8.829,6.173
644.0,leo1,-7.396,-3.422
644.0,leo2,-8.929,6.165
646.0,leo1,-7.788,-3.704
646.0,leo2,-8.940,6.168
648.0,leo1,-8.138,-4.020
648.0,leo2,-8.948,6.168
650.0,leo1,-8.362,-4.507
650.0,leo2,-8.948,6.168
652.0,leo1,-8.470,-5.046
652.0,leo2,-8.948,6.167
654.0,leo1,-8.409,-5.520
654.0,leo2,-8.930,6.069
656.0,leo1,-8.136,-5.894
656.0,leo2,-8.913,5.970
658.0,leo1,-7.768,-6.249
658.0,leo2,-8.896,5.872
660.0,leo1,-7.694,-6.328
660.0,leo2,-8.832,5.958
662.0,leo1,-7.702,-6.337
662.0,leo2,-8.672,6.100
664.0,leo1,-7.772,-6.337
664.0,leo2,-8.335,6.129
666.0,leo1,-7.777,-6.312
666.0,leo2,-7.926,6.004
668.0,leo1,-7.811,-6.205
668.0,leo2,-7.744,5.749
670.0,leo1,-8.096,-5.859
670.0,leo2,-7.627,5.247
672.0,leo1,-8.377,-5.467
672.0,leo2,-7.534,4.736
674.0,leo1,-8.529,-5.010
674.0,leo2,-7.532,4.581
676.0,leo1,-8.465,-4.501
676.0,leo2,-7.532,4.581
678.0,leo1,-8.324,-3.960
678.0,leo2,-7.545,4.168
680.0,leo1,-8.159,-3.538
680.0,leo2,-7.547,3.648
682.0,leo1,-7.942,-3.179
682.0,leo2,-7.566,3.129
684.0,leo1,-7.535,-2.807
684.0,leo2,-7.631,2.612
686.0,leo1,-7.233,-2.519
686.0,leo2,-7.718,2.098
688.0,leo1,-6.876,-2.177
688.0,leo2,-7.869,1.595
690.0,leo1,-6.471,-1.867
690.0,leo2,-7.949,1.084
692.0,leo1,-6.180,-1.574
692.0,leo2,-7.879,0.697
694.0,leo1,-6.026,-1.133
694.0,leo2,-7.611,0.481
696.0,leo1,-6.175,-0.679
696.0,leo2,-7.124,0.382
698.0,leo1,-6.557,-0.301
698.0,leo2,-6.604,0.387
700.0,leo1,-6.933,0.003
700.0,leo2,-6.060,0.392
702.0,leo1,-7.369,0.349
702.0,leo2,-5.540,0.390
704.0,leo1,-7.758,0.670
704.0,leo2,-4.990,0.389
706.0,leo1,-7.946,1.020
706.0,leo2,-4.490,0.389
708.0,leo1,-8.118,1.540
708.0,leo2,-3.970,0.389
710.0,leo1,-8.404,1.938
710.0,leo2,-3.450,0.389
712.0,leo1,-8.786,2.258
712.0,leo2,-2.930,0.389
714.0,leo1,-9.213,2.607
714.0,leo2,-2.410,0.389
716.0,leo1,-9.605,2.941
716.0,leo2,-1.890,0.389
718.0,leo1,-9.999,3.305
718.0,leo2,-1.370,0.389
720.0,leo1,-10.272,3.585
720.0,leo2,-0.850,0.389
722.0,leo1,-10.289,3.607
722.0,leo2,-0.330,0.389
724.0,leo1,-10.285,3.607
724.0,leo2,0.180,0.393
726.0,leo1,-10.247,3.607
726.0,leo2,0.700,0.416
728.0,leo1,-10.162,3.646
728.0,leo2,1.219,0.431
730.0,leo1,-9.874,3.696
730.0,leo2,1.739,0.437
732.0,leo1,-9.344,3.682
732.0,leo2,2.275,0.439
734.0,leo1,-8.803,3.676
734.0,leo2,2.789,0.439
736.0,leo1,-8.330,3.676
736.0,leo2,3.293,0.436
738.0,leo1,-7.956,3.708
738.0,leo2,3.813,0.439
740.0,leo1,-7.581,3.923
740.0,leo2,4.343,0.440
742.0,leo1,-7.110,4.242
742.0,leo2,4.863,0.440
744.0,leo1,-6.757,4.497
744.0,leo2,5.383,0.440
746.0,leo1,-6.268,4.681
746.0,leo2,5.588,0.415
748.0,leo1,-5.798,4.896
748.0,leo2,5.645,0.319
750.0,leo1,-5.542,5.027
750.0,leo2,5.713,-0.090
752.0,leo1,-5.542,5.027
752.0,leo2,5.827,-0.599
754.0,leo1,-5.542,4.980
754.0,leo2,5.990,-1.094
756.0,leo1,-5.541,4.939
756.0,leo2,6.180,-1.584
758.0,leo1,-5.556,4.795
758.0,leo2,6.411,-1.856
760.0,leo1,-5.732,4.338
760.0,leo2,6.860,-2.037
762.0,leo1,-5.938,3.862
762.0,leo2,7.356,-2.225
764.0,leo1,-6.158,3.360
764.0,leo2,7.846,-2.407
766.0,leo1,-6.410,2.959
766.0,leo2,8.320,-2.626
768.0,leo1,-6.729,2.542
768.0,leo2,8.510,-2.731
770.0,leo1,-7.103,2.174
770.0,leo2,8.629,-2.867
772.0,leo1,-7.514,1.922
772.0,leo2,8.907,-3.305
774.0,leo1,-7.848,1.608
774.0,leo2,9.198,-3.738
776.0,leo1,-7.949,1.200
776.0,leo2,9.503,-4.160
778.0,leo1,-7.918,0.805
778.0,leo2,9.715,-4.386
780.0,leo1,-7.616,0.525
780.0,leo2,9.715,-4.386
782.0,leo1,-7.099,0.445
782.0,leo2,9.710,-4.386
784.0,leo1,-6.589,0.433
784.0,leo2,9.617,-4.386
786.0,leo1,-6.064,0.430
786.0,leo2,9.555,-4.409
788.0,leo1,-5.544,0.428
788.0,leo2,9.216,-4.392
790.0,leo1,-5.013,0.425
790.0,leo2,8.725,-4.209
792.0,leo1,-4.509,0.427
792.0,leo2,8.253,-3.983
794.0,leo1,-3.963,0.428
794.0,leo2,7.797,-3.731
796.0,leo1,-3.615,0.431
796.0,leo2,7.332,-3.506
798.0,leo1,-3.626,0.433
798.0,leo2,6.825,-3.387
800.0,leo1,-3.626,0.433
800.0,leo2,6.310,-3.442
802.0,leo1,-3.626,0.433
802.0,leo2,5.794,-3.518
804.0,leo1,-3.605,0.368
804.0,leo2,5.285,-3.628
806.0,leo1,-3.576,0.277
806.0,leo2,4.789,-3.788
808.0,leo1,-3.547,0.185
808.0,leo2,4.310,-3.998
810.0,leo1,-3.513,0.138
810.0,leo2,3.849,-4.244
812.0,leo1,-3.477,0.138
812.0,leo2,3.534,-4.438
814.0,leo1,-3.484,0.136
814.0,leo2,3.533,-4.435
816.0,leo1,-3.484,0.136
816.0,leo2,3.533,-4.435
818.0,leo1,-3.922,0.274
818.0,leo2,3.281,-4.477
820.0,leo1,-4.391,0.373
820.0,leo2,2.763,-4.524
822.0,leo1,-4.935,0.402
822.0,leo2,2.247,-4.603
824.0,leo1,-5.465,0.419
824.0,leo2,1.739,-4.719
826.0,leo1,-5.969,0.425
826.0,leo2,1.237,-4.864
828.0,leo1,-6.469,0.427
828.0,leo2,0.895,-5.013
830.0,leo1,-7.033,0.428
830.0,leo2,0.851,-5.065
832.0,leo1,-7.562,0.516
832.0,leo2,0.799,-5.336
834.0,leo1,-7.819,0.707
834.0,leo2,0.756,-5.771
836.0,leo1,-7.964,1.082
836.0,leo2,0.666,-5.909
838.0,leo1,-8.123,1.629
838.0,leo2,0.697,-5.909
840.0,leo1,-8.375,2.081
840.0,leo2,0.764,-5.909
842.0,leo1,-8.649,2.522
842.0,leo2,0.783,-5.854
844.0,leo1,-8.926,2.926
844.0,leo2,1.064,-5.677
846.0,leo1,-9.273,3.320
846.0,leo2,1.456,-5.336
848.0,leo1,-9.646,3.649
848.0,leo2,1.844,-4.988
850.0,leo1,-10.083,3.955
850.0,leo2,2.237,-4.648
852.0,leo1,-10.351,4.323
852.0,leo2,2.631,-4.309
854.0,leo1,-10.439,4.798
854.0,leo2,3.027,-3.972
856.0,leo1,-10.445,4.838
856.0,leo2,3.421,-3.633
858.0,leo1,-10.445,4.838
858.0,leo2,3.816,-3.295
860.0,leo1,-10.440,4.804
860.0,leo2,4.211,-2.956
862.0,leo1,-10.424,4.700
862.0,leo2,4.608,-2.620
864.0,leo1,-10.410,4.601
864.0,leo2,5.002,-2.281
866.0,leo1,-10.428,4.690
866.0,leo2,5.405,-1.956
868.0,leo1,-10.488,5.163
868.0,leo2,5.798,-1.616
870.0,leo1,-10.416,5.713
870.0,leo2,6.039,-1.169
872.0,leo1,-10.225,6.147
872.0,leo2,6.198,-0.679
874.0,leo1,-10.096,6.375
874.0,leo2,6.536,-0.291
876.0,leo1,-9.933,6.411
876.0,leo2,6.935,0.043
878.0,leo1,-9.469,6.332
878.0,leo2,7.324,0.388
880.0,leo1,-9.043,6.164
880.0,leo2,7.703,0.742
882.0,leo1,-8.966,6.124
882.0,leo2,7.916,1.126
884.0,leo1,-8.966,6.124
884.0,leo2,8.122,1.600
886.0,leo1,-8.664,6.116
886.0,leo2,8.453,1.987
888.0,leo1,-8.151,6.110
888.0,leo2,8.879,2.284
890.0,leo1,-7.840,5.973
890.0,leo2,9.280,2.610
892.0,leo1,-7.684,5.688
892.0,leo2,9.633,2.992
894.0,leo1,-7.587,5.162
894.0,leo2,9.983,3.377
896.0,leo1,-7.543,4.647
896.0,leo2,10.305,3.743
898.0,leo1,-7.543,4.142
898.0,leo2,10.392,3.842
900.0,leo1,-7.550,3.648
900.0,leo2,10.392,3.842
902.0,leo1,-7.597,3.088
902.0,leo2,10.377,3.841
904.0,leo1,-7.657,2.571
904.0,leo2,10.288,3.841
906.0,leo1,-7.744,2.067
906.0,leo2,10.251,3.825
908.0,leo1,-7.884,1.554
908.0,leo2,9.968,3.723
910.0,leo1,-7.951,1.088
910.0,leo2,9.543,3.427
912.0,leo1,-7.838,0.694
912.0,leo2,9.121,3.129
914.0,leo1,-7.529,0.471
914.0,leo2,8.623,2.999
916.0,leo1,-7.033,0.403
916.0,leo2,8.103,2.998
918.0,leo1,-6.513,0.420
918.0,leo2,7.583,3.012
920.0,leo1,-6.004,0.426
920.0,leo2,7.064,3.034
922.0,leo1,-5.484,0.427
922.0,leo2,6.547,3.103
924.0,leo1,-4.969,0.428
924.0,leo2,6.038,3.219
926.0,leo1,-4.444,0.428
926.0,leo2,5.953,3.262
928.0,leo1,-3.924,0.428
928.0,leo2,5.983,3.333
930.0,leo1,-3.414,0.428
930.0,leo2,6.108,3.763
932.0,leo1,-2.894,0.428
932.0,leo2,6.346,4.233
934.0,leo1,-2.354,0.428
934.0,leo2,6.485,4.551
936.0,leo1,-1.834,0.428
936.0,leo2,6.581,5.063
938.0,leo1,-1.360,0.428
938.0,leo2,6.724,5.566
940.0,leo1,-0.804,0.428
940.0,leo2,6.905,6.006
942.0,leo1,-0.294,0.428
942.0,leo2,6.972,6.125
944.0,leo1,0.236,0.428
944.0,leo2,6.972,6.125
946.0,leo1,0.756,0.428
946.0,leo2,7.008,6.152
948.0,leo1,1.276,0.428
948.0,leo2,7.305,6.193
950.0,leo1,1.796,0.428
950.0,leo2,7.820,6.111
952.0,leo1,2.306,0.428
952.0,leo2,8.216,5.970
954.0,leo1,2.826,0.428
954.0,leo2,8.341,5.861
956.0,leo1,3.356,0.428
956.0,leo2,8.359,5.839
958.0,leo1,3.861,0.428
958.0,leo2,8.359,5.844
960.0,leo1,4.371,0.428
960.0,leo2,8.359,5.844
962.0,leo1,4.886,0.383
962.0,leo2,8.359,5.844
964.0,leo1,5.416,0.405
964.0,leo2,8.359,5.844
966.0,leo1,5.945,0.419
966.0,leo2,8.395,5.857
968.0,leo1,6.475,0.426
968.0,leo2,8.779,5.951
970.0,leo1,6.985,0.428
970.0,leo2,9.298,5.969
972.0,leo1,7.493,0.515
972.0,leo2,9.807,5.984
974.0,leo1,7.802,0.763
974.0,leo2,10.013,6.003
976.0,leo1,8.048,1.230
976.0,leo2,10.013,6.026
978.0,leo1,8.208,1.724
978.0,leo2,10.013,6.026
980.0,leo1,8.470,2.179
980.0,leo2,10.013,6.026
982.0,leo1,8.776,2.614
982.0,leo2,9.998,6.025
984.0,leo1,9.093,3.040
984.0,leo2,9.984,6.025
986.0,leo1,9.405,3.442
986.0,leo2,9.984,6.025
988.0,leo1,9.600,3.885
988.0,leo2,9.984,6.025
990.0,leo1,9.796,4.326
990.0,leo2,9.943,6.025
992.0,leo1,9.834,4.398
992.0,leo2,9.822,6.101
994.0,leo1,9.841,4.397
994.0,leo2,9.383,6.167
996.0,leo1,9.841,4.394
996.0,leo2,8.872,6.268
998.0,leo1,9.841,4.363
998.0,leo2,8.356,6.370
1000.0,leo1,9.842,4.308
1000.0,leo2,7.857,6.507
1002.0,leo1,9.822,4.162
1002.0,leo2,7.365,6.683
1004.0,leo1,9.656,3.706
1004.0,leo2,6.885,6.888
1006.0,leo1,9.358,3.285
1006.0,leo2,6.525,7.070
1008.0,leo1,8.997,3.074
1008.0,leo2,6.491,7.075
1010.0,leo1,8.482,3.032
1010.0,leo2,6.491,7.069
1012.0,leo1,7.962,3.059
1012.0,leo2,6.491,7.069
1014.0,leo1,7.453,3.173
1014.0,leo2,6.491,7.069
1016.0,leo1,6.957,3.334
1016.0,leo2,6.491,7.069
1018.0,leo1,6.471,3.539
1018.0,leo2,6.491,7.028
1020.0,leo1,6.104,3.724
1020.0,leo2,6.418,6.906
1022.0,leo1,6.045,3.748
1022.0,leo2,6.416,6.458
1024.0,leo1,6.045,3.751
1024.0,leo2,6.430,5.947
1026.0,leo1,6.044,3.736
1026.0,leo2,6.466,5.743
1028.0,leo1,6.045,3.776
1028.0,leo2,6.484,5.742
1030.0,leo1,6.043,3.844
1030.0,leo2,6.484,5.742
1032.0,leo1,6.015,4.002
1032.0,leo2,6.484,5.742
1034.0,leo1,6.109,4.471
1034.0,leo2,6.514,5.693
1036.0,leo1,6.234,4.943
1036.0,leo2,6.526,5.308
1038.0,leo1,6.308,4.896
1038.0,leo2,6.466,5.165
1040.0,leo1,6.330,4.878
1040.0,leo2,6.449,5.175
1042.0,leo1,6.339,4.874
1042.0,leo2,6.441,5.181
1044.0,leo1,6.341,4.875
1044.0,leo2,6.438,5.185
1046.0,leo1,6.342,4.867
1046.0,leo2,6.437,5.177
1048.0,leo1,6.343,4.843
1048.0,leo2,6.437,5.154
1050.0,leo1,6.343,4.822
1050.0,leo2,6.437,5.133
1052.0,leo1,6.343,4.869
1052.0,leo2,6.437,5.180
1054.0,leo1,6.343,4.833
1054.0,leo2,6.437,5.144
1056.0,leo1,6.343,4.906
1056.0,leo2,6.436,5.217
1058.0,leo1,6.343,4.919
1058.0,leo2,6.436,5.230
1060.0,leo1,6.343,4.919
1060.0,leo2,6.436,5.230
1062.0,leo1,6.343,4.919
1062.0,leo2,6.436,5.230
1064.0,leo1,6.343,4.919
1064.0,leo2,6.436,5.230
1066.0,leo1,6.343,4.915
1066.0,leo2,6.436,5.226
1068.0,leo1,6.343,4.915
1068.0,leo2,6.436,5.226
1070.0,leo1,6.343,4.915
1070.0,leo2,6.436,5.226
1072.0,leo1,6.343,4.899
1072.0,leo2,6.436,5.210
1074.0,leo1,6.343,4.901
1074.0,leo2,6.436,5.212
1076.0,leo1,6.343,5.004
1076.0,leo2,6.436,5.315
1078.0,leo1,6.343,5.022
1078.0,leo2,6.436,5.333
1080.0,leo1,6.343,4.971
1080.0,leo2,6.436,5.282
1082.0,leo1,6.340,4.904
1082.0,leo2,6.437,5.214
1084.0,leo1,6.340,4.819
1084.0,leo2,6.435,5.129
1086.0,leo1,6.339,4.732
1086.0,leo2,6.435,5.043
1088.0,leo1,6.339,4.665
1088.0,leo2,6.435,4.976
1090.0,leo1,6.339,4.588
1090.0,leo2,6.435,4.899
1092.0,leo1,6.339,4.528
1092.0,leo2,6.435,4.839
1094.0,leo1,6.338,4.427
1094.0,leo2,6.435,4.738
1096.0,leo1,6.338,4.330
1096.0,leo2,6.436,4.641
