t,gt_x,gt_y,gt_yaw,odom_x,odom_y,odom_yaw,slam_x,slam_y,slam_yaw
54.00,-0.0000,0.0000,0.0000,0.0000,0.0000,-0.0073,0.0000,0.0000,-0.0073
54.50,-0.0000,0.0000,0.0000,0.0000,0.0000,-0.0076,0.0000,0.0000,-0.0076
55.00,-0.0000,0.0000,0.0000,0.0000,0.0000,-0.0078,0.0000,0.0000,-0.0078
55.50,-0.0000,0.0000,0.0000,0.0000,0.0000,-0.0071,0.0000,0.0000,-0.0071
56.00,-0.0000,0.0000,0.0000,0.0000,0.0000,-0.0076,0.0000,0.0000,-0.0076
56.50,-0.0000,0.0000,0.0000,0.0000,0.0000,-0.0070,0.0000,0.0000,-0.0070
57.00,-0.0000,0.0000,0.0000,0.0000,0.0000,-0.0064,0.0000,0.0000,-0.0064
57.50,-0.0000,0.0000,0.0000,0.0000,0.0000,-0.0065,0.0000,0.0000,-0.0065
58.00,-0.0000,0.0000,0.0000,0.0000,0.0000,-0.0069,0.0000,0.0000,-0.0069
58.50,-0.0000,0.0000,0.0000,0.0000,0.0000,-0.0071,0.0000,0.0000,-0.0071
59.00,-0.0000,0.0000,0.0000,0.0000,0.0000,-0.0072,0.0000,0.0000,-0.0072
59.50,-0.0000,0.0000,0.0000,0.0000,0.0000,-0.0078,0.0000,0.0000,-0.0078
60.00,-0.0000,0.0000,0.0000,0.0000,0.0000,-0.0080,0.0000,0.0000,-0.0080
60.50,-0.0000,0.0000,0.0000,0.0000,0.0000,-0.0078,0.0000,0.0000,-0.0078
61.00,-0.0000,0.0000,0.0000,0.0000,0.0000,-0.0078,0.0000,0.0000,-0.0078
61.50,-0.0000,0.0000,0.0000,0.0000,0.0000,-0.0078,0.0000,0.0000,-0.0078
62.00,-0.0000,0.0000,0.0000,0.0000,0.0000,-0.0084,0.0000,0.0000,-0.0084
62.50,0.0334,-0.0000,-0.0000,0.0304,-0.0003,-0.0088,0.0304,-0.0003,-0.0088
63.00,0.0934,-0.0000,-0.0000,0.0945,-0.0008,-0.0093,0.0945,-0.0008,-0.0093
63.50,0.1534,-0.0000,-0.0000,0.1531,-0.0014,-0.0087,0.0931,-0.0029,0.0018
64.00,0.2134,-0.0000,-0.0000,0.2107,-0.0019,-0.0088,0.1507,-0.0028,0.0017
64.50,0.2734,-0.0000,-0.0000,0.2710,-0.0024,-0.0089,0.1310,-0.0027,0.0016
65.00,0.3334,-0.0000,-0.0000,0.3341,-0.0030,-0.0091,0.1941,-0.0021,-0.0021
65.50,0.3934,-0.0000,-0.0000,0.3936,-0.0036,-0.0100,0.2536,-0.0022,-0.0030
66.00,0.4534,-0.0000,-0.0000,0.4527,-0.0042,-0.0102,0.2327,-0.0024,-0.0033
66.50,0.5134,-0.0000,-0.0000,0.5149,-0.0048,-0.0103,0.2824,-0.0023,-0.0055
67.00,0.5734,-0.0000,-0.0000,0.5755,-0.0054,-0.0105,0.2956,-0.0025,-0.0070
67.50,0.6334,-0.0000,-0.0000,0.6399,-0.0061,-0.0109,0.3599,-0.0029,-0.0074
68.00,0.6934,-0.0000,-0.0000,0.7045,-0.0068,-0.0108,0.4345,-0.0034,-0.0073
68.50,0.7534,-0.0000,-0.0000,0.7640,-0.0075,-0.0111,0.4540,-0.0038,-0.0076
69.00,0.8134,-0.0000,-0.0000,0.8276,-0.0082,-0.0109,0.4976,-0.0043,-0.0075
69.50,0.8734,-0.0000,-0.0000,0.8890,-0.0088,-0.0108,0.5190,-0.0048,-0.0073
70.00,0.9334,-0.0000,-0.0000,0.9518,-0.0095,-0.0109,0.5818,-0.0052,-0.0074
70.50,0.9934,-0.0000,-0.0000,1.0144,-0.0102,-0.0107,0.6645,-0.0057,-0.0072
71.00,1.0534,-0.0000,-0.0000,1.0727,-0.0108,-0.0110,0.6927,-0.0061,-0.0075
71.50,1.1134,-0.0000,-0.0000,1.1350,-0.0115,-0.0114,0.7750,-0.0066,-0.0079
72.00,1.1734,-0.0000,-0.0000,1.1976,-0.0122,-0.0118,0.8176,-0.0071,-0.0083
72.50,1.2232,-0.0000,-0.0000,1.2495,-0.0128,-0.0119,0.8570,-0.0075,-0.0084
73.00,1.2232,-0.0000,-0.0000,1.2495,-0.0128,-0.0120,0.8496,-0.0075,-0.0085
73.50,1.2232,-0.0000,-0.0000,1.2495,-0.0128,-0.0119,0.8496,-0.0075,-0.0084
74.00,1.2232,-0.0000,-0.0000,1.2495,-0.0128,-0.0123,0.8496,-0.0075,-0.0088
74.50,1.2232,-0.0000,-0.0000,1.2495,-0.0128,-0.0125,0.8496,-0.0075,-0.0090
75.00,1.2232,-0.0000,-0.0000,1.2495,-0.0128,-0.0126,0.8496,-0.0075,-0.0091
75.50,1.2232,-0.0000,-0.0000,1.2495,-0.0128,-0.0130,0.8496,-0.0075,-0.0095
76.00,1.2232,-0.0000,-0.0000,1.2495,-0.0128,-0.0127,0.8496,-0.0075,-0.0092
76.50,1.2232,-0.0000,-0.0000,1.2495,-0.0128,-0.0125,0.8496,-0.0075,-0.0090
77.00,1.2232,-0.0000,-0.0000,1.2495,-0.0128,-0.0124,0.8496,-0.0075,-0.0089
77.50,1.2232,-0.0000,-0.0000,1.2495,-0.0128,-0.0125,0.8496,-0.0075,-0.0090
78.00,1.2232,-0.0000,-0.0000,1.2495,-0.0128,-0.0125,0.8496,-0.0075,-0.0090
78.50,1.2232,-0.0000,-0.0000,1.2495,-0.0128,-0.0120,0.8496,-0.0075,-0.0086
79.00,1.2232,-0.0000,-0.0000,1.2495,-0.0128,-0.0126,0.8496,-0.0075,-0.0091
79.50,1.2232,-0.0000,-0.0000,1.2495,-0.0128,-0.0124,0.8496,-0.0075,-0.0089
80.00,1.2232,-0.0000,-0.0000,1.2495,-0.0128,-0.0120,0.8496,-0.0075,-0.0085
80.50,1.2232,-0.0000,-0.0000,1.2495,-0.0128,-0.0116,0.8496,-0.0075,-0.0082
81.00,1.2232,0.0016,0.0281,1.2510,-0.0128,0.0139,0.8510,-0.0075,0.0174
81.50,1.2232,0.0090,0.0799,1.2591,-0.0125,0.0658,0.8592,-0.0072,0.0693
82.00,1.2232,0.0161,0.1299,1.2672,-0.0118,0.1158,0.8672,-0.0064,0.1193
82.50,1.2232,0.0228,0.1781,1.2745,-0.0108,0.1643,0.8745,0.0068,0.1700
83.00,1.2232,0.0290,0.2248,1.2794,-0.0098,0.2105,0.8795,0.0149,0.2175
83.50,1.2233,0.0347,0.2700,1.2851,-0.0085,0.2555,0.8852,0.0163,0.2625
84.00,1.2233,0.0399,0.3139,1.2897,-0.0072,0.2993,0.8898,0.0177,0.3063
84.50,1.2233,0.0446,0.3565,1.2937,-0.0058,0.3422,0.8938,0.0190,0.3491
85.00,1.2234,0.0488,0.3979,1.2975,-0.0044,0.3832,0.8976,0.0205,0.3902
85.50,1.2234,0.0526,0.4381,1.3009,-0.0030,0.4236,0.9010,0.0219,0.4306
86.00,1.2234,0.0559,0.4773,1.3036,-0.0017,0.4626,0.9036,0.0232,0.4696
86.50,1.2235,0.0587,0.5155,1.3055,-0.0007,0.5010,0.9056,0.0243,0.5080
87.00,1.2235,0.0610,0.5526,1.3077,0.0006,0.5381,0.9077,0.0255,0.5450
87.50,1.2236,0.0629,0.5888,1.3092,0.0015,0.5740,0.9093,0.0265,0.5810
88.00,1.2237,0.0643,0.6240,1.3110,0.0027,0.6091,0.9110,0.0277,0.6161
88.50,1.2237,0.0653,0.6583,1.3116,0.0031,0.6429,0.9116,0.0281,0.6499
89.00,1.2238,0.0658,0.6918,1.3120,0.0035,0.6766,0.9121,0.0285,0.6836
89.50,1.2238,0.0659,0.7244,1.3121,0.0035,0.7091,0.9121,0.0285,0.7161
90.00,1.2236,0.0658,0.7573,1.3119,0.0033,0.7419,0.9119,0.0283,0.7489
90.50,1.2235,0.0657,0.7914,1.3117,0.0032,0.7760,0.9117,0.0281,0.7830
91.00,1.2235,0.0654,0.8251,1.3118,0.0032,0.8097,0.9118,0.0282,0.8167
91.50,1.2236,0.0652,0.8577,1.3118,0.0032,0.8424,0.9118,0.0282,0.8493
92.00,1.2233,0.0651,0.8906,1.3117,0.0031,0.8751,0.9117,0.0281,0.8821
92.50,1.2227,0.0650,0.9244,1.3112,0.0025,0.9092,0.9112,0.0274,0.9162
93.00,1.2215,0.0650,0.9590,1.3101,0.0010,0.9437,0.9101,0.0260,0.9506
93.50,1.2200,0.0649,0.9946,1.3089,-0.0006,0.9799,0.9090,0.0244,0.9869
94.00,1.2179,0.0649,1.0311,1.3077,-0.0026,1.0158,0.9077,0.0224,1.0227
94.50,1.2154,0.0648,1.0686,1.3065,-0.0045,1.0531,0.9066,0.0204,1.0600
95.00,1.2125,0.0648,1.1071,1.3053,-0.0066,1.0916,0.9054,0.0183,1.0985
95.50,1.2090,0.0647,1.1466,1.3039,-0.0095,1.1312,0.9041,0.0154,1.1382
96.00,1.2051,0.0647,1.1873,1.3021,-0.0137,1.1718,0.9022,0.0112,1.1788
96.50,1.2007,0.0647,1.2291,1.3009,-0.0167,1.2135,0.9010,0.0082,1.2205
97.00,1.1958,0.0646,1.2721,1.2992,-0.0214,1.2561,0.8994,0.0035,1.2631
97.50,1.1904,0.0646,1.3164,1.2979,-0.0257,1.3007,0.8982,-0.0008,1.3077
98.00,1.1846,0.0646,1.3622,1.2964,-0.0318,1.3458,0.8967,-0.0069,1.3528
98.50,1.1782,0.0645,1.4094,1.2952,-0.0377,1.3930,0.8955,-0.0128,1.4000
99.00,1.1714,0.0645,1.4582,1.2942,-0.0443,1.4416,0.8945,-0.0194,1.4485
99.50,1.1640,0.0645,1.5088,1.2933,-0.0528,1.4920,0.8937,-0.0280,1.4990
100.00,1.1563,0.0645,1.5613,1.2927,-0.0631,1.5443,0.8340,0.0417,1.5548
100.50,1.1483,0.0645,1.6145,1.2926,-0.0589,1.5976,0.8338,0.0459,1.6081
101.00,1.1442,0.0645,1.6509,1.2924,-0.0535,1.6325,0.8335,0.0512,1.6429
101.50,1.1380,0.0645,1.7009,1.2919,-0.0483,1.6821,0.8330,0.0565,1.6926
102.00,1.1314,0.0645,1.7491,1.2911,-0.0418,1.7307,0.8321,0.0630,1.7412
102.50,1.1252,0.0646,1.7958,1.2902,-0.0371,1.7771,0.8311,0.0677,1.7876
103.00,1.1195,0.0646,1.8410,1.2893,-0.0335,1.8226,0.8303,0.0712,1.8331
103.50,1.1143,0.0646,1.8849,1.2881,-0.0293,1.8660,0.8290,0.0755,1.8765
104.00,1.1095,0.0647,1.9274,1.2867,-0.0247,1.9085,0.8275,0.0800,1.9189
104.50,1.1053,0.0647,1.9688,1.2851,-0.0205,1.9495,0.8259,0.0842,1.9599
105.00,1.1015,0.0648,2.0091,1.2836,-0.0170,1.9905,0.8244,0.0877,2.0010
105.50,1.0983,0.0648,2.0483,1.2821,-0.0136,2.0299,0.8228,0.0910,2.0404
106.00,1.0955,0.0648,2.0864,1.2805,-0.0106,2.0678,0.8212,0.0940,2.0783
106.50,1.0866,0.0802,2.1619,1.2715,0.0047,2.1374,0.8120,0.1093,2.1479
107.00,1.0402,0.1424,2.2941,1.2245,0.0667,2.2748,0.7147,0.1310,2.2887
107.50,0.9543,0.2360,2.3121,1.1387,0.1633,2.3007,0.6273,0.2261,2.3111
108.00,0.8663,0.3316,2.3184,1.0536,0.2582,2.3071,0.5210,0.3199,2.3141
108.50,0.7787,0.4278,2.3028,0.9631,0.3597,2.2911,0.4400,0.4209,2.3015
109.00,0.6901,0.5225,2.3636,0.8743,0.4577,2.3432,0.3538,0.5180,2.3537
109.50,0.5929,0.6082,2.4709,0.7773,0.5461,2.4529,0.2725,0.6056,2.4669
110.00,0.4890,0.6854,2.5208,0.6731,0.6276,2.4992,0.2052,0.6801,2.5131
110.50,0.3820,0.7589,2.5322,0.5707,0.7014,2.5169,0.0875,0.7549,2.5361
111.00,0.3017,0.8209,2.4270,0.4896,0.7646,2.4155,0.0077,0.8179,2.4290
111.50,0.2732,0.8464,2.3721,0.4564,0.7958,2.3557,-0.0102,0.8487,2.3679
112.00,0.2728,0.8467,2.3379,0.4555,0.7966,2.3217,-0.0111,0.8495,2.3339
112.50,0.2728,0.8470,2.3046,0.4550,0.7971,2.2880,-0.0116,0.8500,2.3002
113.00,0.2728,0.8469,2.2721,0.4551,0.7970,2.2552,-0.0115,0.8499,2.2675
113.50,0.2732,0.8469,2.2389,0.4554,0.7966,2.2217,-0.0113,0.8495,2.2339
114.00,0.2740,0.8468,2.2049,0.4559,0.7959,2.1871,-0.0107,0.8488,2.1993
114.50,0.2753,0.8468,2.1699,0.4568,0.7946,2.1516,-0.0098,0.8475,2.1638
115.00,0.2770,0.8467,2.1340,0.4576,0.7933,2.1154,-0.0090,0.8462,2.1276
115.50,0.2792,0.8467,2.0972,0.4587,0.7913,2.0788,-0.0078,0.8443,2.0910
116.00,0.2819,0.8466,2.0593,0.4601,0.7888,2.0408,-0.0064,0.8417,2.0530
116.50,0.2850,0.8466,2.0204,0.4618,0.7852,2.0021,-0.0046,0.8381,2.0144
117.00,0.2873,0.8504,1.9704,0.4620,0.7850,1.9559,-0.0045,0.8379,1.9681
117.50,0.2848,0.9017,1.8246,0.4479,0.8301,1.8088,-0.0191,0.8829,1.8210
118.00,0.2683,1.0135,1.7693,0.4255,0.9464,1.7427,0.0043,1.0113,1.7619
118.50,0.2430,1.1410,1.7400,0.4025,1.0754,1.7245,-0.0311,1.1399,1.7450
119.00,0.2260,1.2703,1.5271,0.3932,1.2092,1.5204,-0.0432,1.2635,1.5395
119.50,0.2207,1.3986,1.3096,0.4138,1.3333,1.2955,-0.0314,1.3878,1.3112
120.00,0.2451,1.5205,1.1233,0.4570,1.4466,1.1086,-0.0134,1.5118,1.1278
120.50,0.2999,1.6328,0.9677,0.5246,1.5584,0.9511,0.0323,1.6247,0.9738
121.00,0.3761,1.7335,0.8533,0.6106,1.6651,0.8341,0.1061,1.7331,0.8554
121.50,0.4309,1.7944,0.8152,0.6741,1.7317,0.7937,0.1679,1.8012,0.8129
122.00,0.4449,1.8094,0.7811,0.6925,1.7499,0.7593,0.1763,1.8094,0.7820
122.50,0.4452,1.8095,0.7474,0.6924,1.7499,0.7254,0.1762,1.8095,0.7480
123.00,0.4453,1.8095,0.7147,0.6925,1.7501,0.6924,0.1764,1.8096,0.7151
123.50,0.4452,1.8093,0.6819,0.6926,1.7502,0.6600,0.1765,1.8098,0.6827
124.00,0.4452,1.8087,0.6482,0.6921,1.7499,0.6270,0.1759,1.8094,0.6497
124.50,0.4451,1.8076,0.6136,0.6914,1.7494,0.5924,0.1753,1.8089,0.6151
125.00,0.4451,1.8060,0.5781,0.6904,1.7487,0.5573,0.1743,1.8082,0.5800
125.50,0.4450,1.8040,0.5416,0.6887,1.7478,0.5215,0.1727,1.8072,0.5442
126.00,0.4450,1.8016,0.5042,0.6861,1.7463,0.4841,0.1701,1.8057,0.5068
126.50,0.4449,1.7986,0.4657,0.6834,1.7450,0.4449,0.1674,1.8043,0.4676
127.00,0.4449,1.7952,0.4262,0.6806,1.7437,0.4054,0.1646,1.8029,0.4281
127.50,0.4448,1.7913,0.3856,0.6770,1.7422,0.3648,0.1610,1.8014,0.3875
128.00,0.4448,1.7869,0.3439,0.6720,1.7404,0.3227,0.1561,1.7995,0.3454
128.50,0.4448,1.7820,0.3009,0.6674,1.7390,0.2795,0.1515,1.7979,0.3022
129.00,0.4447,1.7767,0.2566,0.6632,1.7379,0.2353,0.1473,1.7967,0.2579
129.50,0.4447,1.7708,0.2110,0.6561,1.7364,0.1898,0.1403,1.7951,0.2125
130.00,0.4447,1.7645,0.1639,0.6488,1.7351,0.1422,0.1330,1.7936,0.1649
130.50,0.4447,1.7577,0.1152,0.6419,1.7343,0.0936,0.1261,1.7927,0.1163
131.00,0.4447,1.7504,0.0647,0.6348,1.7338,0.0434,0.1191,1.7920,0.0661
131.50,0.4446,1.7426,0.0122,0.6281,1.7337,-0.0090,0.1124,1.7917,0.0137
132.00,0.4446,1.7347,-0.0410,0.6329,1.7334,-0.0620,0.1172,1.7916,-0.0393
132.50,0.4447,1.7272,-0.0924,0.6409,1.7327,-0.1138,0.1252,1.7911,-0.0911
133.00,0.4447,1.7201,-0.1419,0.6488,1.7316,-0.1634,0.1331,1.7902,-0.1407
133.50,0.4447,1.7136,-0.1897,0.6553,1.7304,-0.2114,0.1396,1.7891,-0.1888
134.00,0.4447,1.7075,-0.2361,0.6608,1.7291,-0.2583,0.1452,1.7879,-0.2356
134.50,0.4447,1.7019,-0.2809,0.6668,1.7274,-0.3035,0.1511,1.7864,-0.2809
135.00,0.4448,1.6968,-0.3245,0.6714,1.7258,-0.3477,0.1558,1.7849,-0.3250
135.50,0.4448,1.6922,-0.3668,0.6750,1.7244,-0.3899,0.1595,1.7836,-0.3672
136.00,0.4449,1.6881,-0.4079,0.6786,1.7229,-0.4308,0.1631,1.7821,-0.4082
136.50,0.4449,1.6845,-0.4479,0.6818,1.7213,-0.4710,0.1663,1.7806,-0.4483
137.00,0.4450,1.6813,-0.4868,0.6849,1.7197,-0.5098,0.1695,1.7790,-0.4871
137.50,0.4450,1.6786,-0.5247,0.6868,1.7186,-0.5476,0.1714,1.7780,-0.5249
138.00,0.4451,1.6764,-0.5616,0.6891,1.7172,-0.5846,0.1737,1.7766,-0.5620
138.50,0.4451,1.6747,-0.5975,0.6909,1.7159,-0.6204,0.1756,1.7754,-0.5977
139.00,0.4452,1.6734,-0.6326,0.6924,1.7148,-0.6555,0.1770,1.7744,-0.6329
139.50,0.4452,1.6725,-0.6667,0.6930,1.7143,-0.6899,0.1777,1.7738,-0.6672
140.00,0.4453,1.6721,-0.6999,0.6934,1.7140,-0.7236,0.1780,1.7736,-0.7009
140.50,0.4454,1.6721,-0.7324,0.6934,1.7140,-0.7562,0.1781,1.7735,-0.7335
141.00,0.4458,1.6721,-0.7656,0.6939,1.7135,-0.7897,0.1786,1.7731,-0.7670
141.50,0.4459,1.6722,-0.7998,0.6940,1.7134,-0.8238,0.1787,1.7730,-0.8012
142.00,0.4459,1.6721,-0.8090,0.6940,1.7135,-0.8349,0.1786,1.7730,-0.8122
142.50,0.4460,1.6718,-0.8398,0.6941,1.7133,-0.8642,0.1788,1.7728,-0.8415
143.00,0.4460,1.6719,-0.8723,0.6941,1.7133,-0.8974,0.1788,1.7728,-0.8748
143.50,0.4455,1.6719,-0.9056,0.6937,1.7138,-0.9304,0.1784,1.7734,-0.9078
144.00,0.4447,1.6720,-0.9397,0.6933,1.7143,-0.9645,0.1780,1.7739,-0.9418
144.50,0.4433,1.6720,-0.9748,0.6925,1.7156,-0.9997,0.1771,1.7751,-0.9771
145.00,0.4416,1.6721,-1.0107,0.6914,1.7173,-1.0355,0.1760,1.7768,-1.0128
145.50,0.4393,1.6721,-1.0477,0.6903,1.7193,-1.0726,0.1749,1.7787,-1.0499
146.00,0.4366,1.6722,-1.0856,0.6891,1.7216,-1.1111,0.1736,1.7810,-1.0884
146.50,0.4335,1.6722,-1.1246,0.6876,1.7248,-1.1502,0.1720,1.7842,-1.1275
147.00,0.4298,1.6723,-1.1646,0.6861,1.7283,-1.1903,0.1705,1.7877,-1.1676
147.50,0.4257,1.6723,-1.2058,0.6847,1.7320,-1.2314,0.1690,1.7914,-1.2087
148.00,0.4210,1.6723,-1.2481,0.6832,1.7367,-1.2736,0.1673,1.7960,-1.2509
148.50,0.4159,1.6724,-1.2917,0.6820,1.7409,-1.3172,0.1660,1.8002,-1.2946
149.00,0.4103,1.6724,-1.3366,0.6808,1.7457,-1.3622,0.1648,1.8050,-1.3395
149.50,0.4042,1.6724,-1.3830,0.6797,1.7515,-1.4087,0.1635,1.8108,-1.3860
150.00,0.3977,1.6725,-1.4309,0.6786,1.7594,-1.4568,0.1623,1.8186,-1.4341
150.50,0.3906,1.6725,-1.4805,0.6780,1.7661,-1.5062,0.1615,1.8253,-1.4835
151.00,0.3831,1.6725,-1.5319,0.6777,1.7746,-1.5573,0.1353,1.7329,-1.5324
151.50,0.3751,1.6725,-1.5852,0.6777,1.7800,-1.6106,0.1202,1.6791,-1.5844
152.00,0.3674,1.6725,-1.6376,0.6771,1.7711,-1.6636,0.1198,1.6702,-1.6374
152.50,0.3601,1.6725,-1.6880,0.6764,1.7650,-1.7141,0.1192,1.6641,-1.6879
153.00,0.3532,1.6716,-1.7389,0.6749,1.7563,-1.7631,0.1180,1.6554,-1.7369
153.50,0.3398,1.6315,-1.8954,0.6640,1.7163,-1.9123,0.1081,1.6151,-1.8861
154.00,0.3077,1.5356,-2.0175,0.6229,1.6251,-2.0450,0.0391,1.5429,-2.0153
154.50,0.2531,1.4183,-1.9863,0.5650,1.5131,-2.0234,-0.0120,1.4230,-1.9915
155.00,0.2057,1.2967,-1.8068,0.5149,1.3878,-1.8506,-0.0618,1.3025,-1.8174
155.50,0.1666,1.1770,-1.5219,0.4979,1.2667,-1.5629,-0.0589,1.1857,-1.5315
156.00,0.1581,1.0484,-1.3309,0.5109,1.1340,-1.3718,-0.0577,1.0579,-1.3421
156.50,0.1728,0.9378,-1.0741,0.5483,1.0210,-1.1158,-0.0451,0.9442,-1.0854
157.00,0.2346,0.8342,-0.8704,0.6125,0.9189,-0.9091,-0.0055,0.8424,-0.8795
157.50,0.3087,0.7600,-0.6596,0.6904,0.8359,-0.6997,0.0551,0.7592,-0.6714
158.00,0.4084,0.7071,-0.4383,0.7800,0.7759,-0.4769,0.1278,0.7026,-0.4484
158.50,0.5306,0.6629,-0.2381,0.9032,0.7277,-0.2715,0.2739,0.6651,-0.2448
159.00,0.6586,0.6301,-0.1256,1.0377,0.7007,-0.1482,0.4075,0.6382,-0.1249
159.50,0.7875,0.6110,-0.1554,1.1684,0.6805,-0.1717,0.5104,0.6103,-0.1541
160.00,0.9155,0.5841,-0.1963,1.3018,0.6540,-0.2161,0.6337,0.5854,-0.1981
160.50,1.0420,0.5502,-0.2638,1.4266,0.6226,-0.2833,0.7538,0.5526,-0.2658
161.00,1.1678,0.5182,-0.2126,1.5462,0.5885,-0.2423,0.8681,0.5170,-0.2234
161.50,1.2965,0.4953,-0.0775,1.6805,0.5658,-0.1001,0.9955,0.4973,-0.0795
162.00,1.4261,0.4831,-0.1115,1.8005,0.5543,-0.1224,1.1198,0.4836,-0.1052
162.50,1.5539,0.4643,-0.2471,1.9307,0.5290,-0.2615,1.2579,0.4562,-0.2495
163.00,1.6788,0.4330,-0.2889,2.0634,0.4883,-0.3122,1.3788,0.4228,-0.2985
163.50,1.8048,0.4016,-0.1925,2.1934,0.4516,-0.2200,1.5036,0.3930,-0.2029
164.00,1.9328,0.3790,-0.1608,2.3275,0.4247,-0.1820,1.6263,0.3686,-0.1648
164.50,2.0608,0.3536,-0.2053,2.4525,0.3999,-0.2243,1.7466,0.3462,-0.2071
165.00,2.1871,0.3205,-0.2522,2.5807,0.3659,-0.2786,1.8629,0.3091,-0.2614
165.50,2.3138,0.2926,-0.2130,2.7131,0.3314,-0.2368,1.9968,0.2764,-0.2156
166.00,2.4402,0.2613,-0.2393,2.8387,0.2983,-0.2697,2.1221,0.2465,-0.2543
166.50,2.5673,0.2350,-0.2028,2.9642,0.2671,-0.2281,2.2606,0.2169,-0.2057
167.00,2.6936,0.2030,-0.2688,3.0969,0.2314,-0.2982,2.3815,0.1845,-0.2793
167.50,2.8193,0.1704,-0.2564,3.2215,0.1941,-0.2853,2.5103,0.1493,-0.2607
168.00,2.9444,0.1319,-0.2929,3.3491,0.1542,-0.3227,2.6152,0.1127,-0.3003
168.50,3.0345,0.1044,-0.2945,3.4438,0.1222,-0.3264,2.7306,0.0826,-0.3040
169.00,3.0649,0.0952,-0.2945,3.4814,0.1094,-0.3266,2.7785,0.0707,-0.3042
169.50,3.0488,0.1001,-0.2945,3.4684,0.1138,-0.3267,2.7654,0.0748,-0.3043
170.00,3.0297,0.1059,-0.2945,3.4491,0.1204,-0.3272,2.7460,0.0809,-0.3049
170.50,3.0105,0.1117,-0.2945,3.4309,0.1266,-0.3276,2.7276,0.0867,-0.3052
171.00,2.9914,0.1175,-0.2945,3.4125,0.1328,-0.3280,2.7090,0.0926,-0.3056
171.50,2.9723,0.1233,-0.2945,3.3939,0.1392,-0.3283,2.6903,0.0985,-0.3059
172.00,2.9531,0.1291,-0.2945,3.3733,0.1462,-0.3283,2.6696,0.1050,-0.3059
172.50,2.9340,0.1349,-0.2945,3.3553,0.1523,-0.3287,2.6514,0.1108,-0.3063
173.00,2.9149,0.1407,-0.2945,3.3370,0.1585,-0.3285,2.6228,0.1158,-0.3026
173.50,2.8957,0.1465,-0.2945,3.3198,0.1644,-0.3288,2.6054,0.1213,-0.3029
174.00,2.8766,0.1523,-0.2945,3.3006,0.1710,-0.3292,2.5860,0.1273,-0.3033
174.50,2.8574,0.1581,-0.2945,3.2816,0.1775,-0.3295,2.5669,0.1333,-0.3036
175.00,2.8383,0.1639,-0.2945,3.2651,0.1831,-0.3293,2.5502,0.1385,-0.3034
175.50,2.8192,0.1697,-0.2945,3.2452,0.1899,-0.3295,2.5105,0.1456,-0.3071
176.00,2.8000,0.1756,-0.2945,3.2248,0.1969,-0.3298,2.4898,0.1521,-0.3074
176.50,2.7809,0.1814,-0.2945,3.2061,0.2033,-0.3300,2.4710,0.1581,-0.3076
177.00,2.7617,0.1872,-0.2945,3.1867,0.2099,-0.3297,2.4515,0.1643,-0.3073
177.50,2.7426,0.1930,-0.2945,3.1704,0.2155,-0.3300,2.4151,0.1695,-0.3076
178.00,2.7235,0.1988,-0.2945,3.1500,0.2225,-0.3305,2.3945,0.1760,-0.3081
178.50,2.7178,0.2005,-0.2945,3.1438,0.2246,-0.3309,2.3883,0.1780,-0.3085
179.00,2.7178,0.2005,-0.2945,3.1438,0.2246,-0.3314,2.3883,0.1780,-0.3090
179.50,2.7178,0.2005,-0.2945,3.1438,0.2246,-0.3324,2.3883,0.1780,-0.3100
180.00,2.7178,0.2005,-0.2945,3.1438,0.2246,-0.3323,2.3883,0.1780,-0.3099
180.50,2.7309,0.1994,-0.2591,3.1557,0.2207,-0.3019,2.4002,0.1744,-0.2795
181.00,2.8024,0.1937,-0.1835,3.2237,0.2035,-0.2203,2.4686,0.1587,-0.1979
181.50,2.9248,0.1697,-0.1964,3.3475,0.1746,-0.2351,2.6330,0.1422,-0.2092
182.00,3.0511,0.1391,-0.3032,3.4760,0.1389,-0.3355,2.7423,0.1199,-0.3061
182.50,3.1731,0.0988,-0.3835,3.5937,0.0910,-0.4236,2.8540,0.0755,-0.3955
183.00,3.2945,0.0537,-0.3289,3.7193,0.0366,-0.3736,2.9984,0.0243,-0.3407
183.50,3.4183,0.0167,-0.2847,3.8458,-0.0101,-0.3296,3.1100,-0.0082,-0.2968
184.00,3.5433,-0.0178,-0.2791,3.9731,-0.0522,-0.3204,3.2149,-0.0461,-0.2876
184.50,3.6676,-0.0591,-0.3208,4.0974,-0.0960,-0.3627,3.3533,-0.0855,-0.3320
185.00,3.7917,-0.0961,-0.2737,4.2195,-0.1401,-0.3189,3.4841,-0.1258,-0.2895
185.50,3.9166,-0.1333,-0.2942,4.3413,-0.1811,-0.3396,3.6096,-0.1634,-0.3032
186.00,4.0411,-0.1714,-0.3030,4.4675,-0.2256,-0.3489,3.7446,-0.2035,-0.3125
186.50,4.1646,-0.2146,-0.3265,4.5941,-0.2736,-0.3741,3.8484,-0.2467,-0.3378
187.00,4.2885,-0.2527,-0.2951,4.7157,-0.3189,-0.3426,3.9637,-0.2877,-0.3045
187.50,4.4123,-0.2940,-0.3370,4.8375,-0.3641,-0.3834,4.1035,-0.3280,-0.3487
188.00,4.5352,-0.3356,-0.3071,4.9584,-0.4126,-0.3595,4.2296,-0.3726,-0.3214
188.50,4.6591,-0.3760,-0.3174,5.0800,-0.4581,-0.3685,4.3365,-0.4134,-0.3304
189.00,4.7834,-0.4127,-0.2767,5.2062,-0.5044,-0.3282,4.4706,-0.4552,-0.2866
189.50,4.9078,-0.4526,-0.3203,5.3321,-0.5494,-0.3694,4.5983,-0.4947,-0.3300
190.00,5.0311,-0.4936,-0.3183,5.4577,-0.5987,-0.3689,4.7158,-0.5390,-0.3308
190.50,5.1538,-0.5392,-0.3596,5.5811,-0.6489,-0.4123,4.8435,-0.5848,-0.3720
191.00,5.2746,-0.5895,-0.4093,5.7009,-0.7038,-0.4576,4.9628,-0.6348,-0.4160
191.50,5.3909,-0.6486,-0.5215,5.8165,-0.7682,-0.5685,5.0809,-0.6945,-0.5269
192.00,5.4982,-0.7176,-0.6839,5.9233,-0.8471,-0.7263,5.1908,-0.7690,-0.6847
192.50,5.5776,-0.7963,-0.8968,6.0067,-0.9375,-0.9388,5.2591,-0.8494,-0.8994
193.00,5.6485,-0.9035,-1.0753,6.0758,-1.0536,-1.1204,5.3220,-0.9588,-1.0823
193.50,5.7105,-1.0215,-1.2506,6.1261,-1.1806,-1.2890,5.3908,-1.0774,-1.2509
194.00,5.7645,-1.1444,-1.5225,6.1480,-1.3210,-1.5578,5.4144,-1.2131,-1.5232
194.50,5.7868,-1.2738,-1.7307,6.1336,-1.4602,-1.7754,5.4476,-1.3328,-1.7408
195.00,5.7699,-1.4010,-1.8049,6.1017,-1.5805,-1.8611,5.4369,-1.4541,-1.8195
195.50,5.7441,-1.5283,-1.7067,6.0667,-1.7119,-1.7746,5.4174,-1.5868,-1.7308
196.00,5.7268,-1.6579,-1.4888,6.0547,-1.8386,-1.5545,5.4105,-1.7039,-1.5059
196.50,5.7341,-1.7869,-1.4290,6.0636,-1.9721,-1.4822,5.4062,-1.8468,-1.4358
197.00,5.7476,-1.9022,-1.4533,6.0717,-2.0905,-1.5112,5.4102,-1.9546,-1.4696
197.50,5.7604,-1.9586,-1.4056,6.0770,-2.1562,-1.4623,5.4282,-2.0201,-1.4207
198.00,5.7672,-1.9638,-1.3588,6.0785,-2.1680,-1.4153,5.4302,-2.0318,-1.3737
198.50,5.7731,-1.9638,-1.3131,6.0794,-2.1736,-1.3694,5.4313,-2.0373,-1.3278
199.00,5.7784,-1.9638,-1.2689,6.0809,-2.1802,-1.3250,5.4331,-2.0439,-1.2835
199.50,5.7833,-1.9639,-1.2260,6.0823,-2.1856,-1.2823,5.4348,-2.0492,-1.2407
200.00,5.7877,-1.9639,-1.1842,6.0838,-2.1902,-1.2404,5.4364,-2.0537,-1.1988
200.50,5.7915,-1.9640,-1.1437,6.0853,-2.1945,-1.2000,5.4381,-2.0579,-1.1584
201.00,5.7949,-1.9640,-1.1042,6.0867,-2.1978,-1.1605,5.4396,-2.0612,-1.1189
201.50,5.7979,-1.9641,-1.0658,6.0879,-2.2005,-1.1223,5.4409,-2.0638,-1.0807
202.00,5.8003,-1.9641,-1.0284,6.0893,-2.2033,-1.0844,5.4425,-2.0666,-1.0428
202.50,5.8023,-1.9642,-0.9919,6.0907,-2.2058,-1.0474,5.4439,-2.0690,-1.0059
203.00,5.8039,-1.9642,-0.9564,6.0912,-2.2067,-1.0119,5.4745,-2.0199,-0.9703
203.50,5.8050,-1.9643,-0.9218,6.0918,-2.2077,-0.9775,5.4752,-2.0208,-0.9359
204.00,5.8056,-1.9643,-0.8882,6.0922,-2.2082,-0.9437,5.4755,-2.0213,-0.9021
204.50,5.8058,-1.9644,-0.8553,6.0923,-2.2083,-0.9116,5.4756,-2.0214,-0.8700
205.00,5.8058,-1.9643,-0.8227,6.0922,-2.2082,-0.8790,5.4755,-2.0214,-0.8374
205.50,5.8057,-1.9640,-0.7889,6.0920,-2.2079,-0.8450,5.4753,-2.0211,-0.8034
206.00,5.8054,-1.9641,-0.7549,6.0917,-2.2076,-0.8112,5.4750,-2.0208,-0.7696
206.50,5.8051,-1.9641,-0.7220,6.0914,-2.2073,-0.7783,5.4747,-2.0205,-0.7367
207.00,5.8050,-1.9640,-0.6893,6.0914,-2.2073,-0.7460,5.4747,-2.0205,-0.7044
207.50,5.8050,-1.9635,-0.6558,6.0911,-2.2070,-0.7126,5.4744,-2.0202,-0.6710
208.00,5.8049,-1.9625,-0.6214,6.0903,-2.2064,-0.6789,5.4736,-2.0196,-0.6373
208.50,5.8049,-1.9610,-0.5861,6.0894,-2.2057,-0.6436,5.4726,-2.0189,-0.6020
209.00,5.8048,-1.9591,-0.5499,6.0877,-2.2044,-0.6074,5.4709,-2.0178,-0.5658
209.50,5.8048,-1.9568,-0.5127,6.0853,-2.2029,-0.5706,5.4685,-2.0163,-0.5290
210.00,5.8047,-1.9539,-0.4745,6.0828,-2.2013,-0.5321,5.4659,-2.0149,-0.4905
210.50,5.8047,-1.9506,-0.4352,6.0804,-2.2000,-0.4932,5.4634,-2.0136,-0.4516
211.00,5.8046,-1.9468,-0.3949,6.0774,-2.1985,-0.4528,5.4604,-2.0122,-0.4112
211.50,5.8046,-1.9426,-0.3534,6.0727,-2.1963,-0.4111,5.4556,-2.0103,-0.3695
212.00,5.8046,-1.9378,-0.3107,6.0694,-2.1949,-0.3684,5.4522,-2.0090,-0.3268
212.50,5.8045,-1.9325,-0.2667,6.0644,-2.1931,-0.3245,5.4471,-2.0074,-0.2829
213.00,5.8045,-1.9268,-0.2214,6.0581,-2.1911,-0.2790,5.4408,-2.0057,-0.2374
213.50,5.8045,-1.9206,-0.1746,6.0513,-2.1893,-0.2322,5.4339,-2.0042,-0.1906
214.00,5.8045,-1.9139,-0.1263,6.0430,-2.1876,-0.1844,5.4655,-1.9728,-0.1428
214.50,5.8044,-1.9067,-0.0762,6.0347,-2.1862,-0.1342,5.4572,-1.9718,-0.0926
215.00,5.8044,-1.8990,-0.0242,6.0272,-2.1854,-0.0827,5.4497,-1.9713,-0.0412
215.50,5.8044,-1.8911,0.0292,6.0281,-2.1854,-0.0293,5.4506,-1.9712,0.0123
216.00,5.8044,-1.8834,0.0810,6.0362,-2.1854,0.0226,5.4586,-1.9709,0.0642
216.50,5.8045,-1.8798,0.1008,6.0417,-2.1852,0.0497,5.4641,-1.9705,0.0913
217.00,5.8044,-1.8861,0.0498,6.0365,-2.1853,-0.0015,5.4589,-1.9708,0.0401
217.50,5.8044,-1.8940,-0.0033,6.0284,-2.1851,-0.0542,5.4508,-1.9709,-0.0126
218.00,5.8045,-1.8990,-0.0480,6.0320,-2.1854,-0.0998,5.4545,-1.9710,-0.0582
218.50,5.8045,-1.9064,-0.0991,6.0399,-2.1863,-0.1515,5.4624,-1.9717,-0.1099
219.00,5.8045,-1.9134,-0.1484,6.0465,-2.1875,-0.2010,5.4691,-1.9726,-0.1594
219.50,5.8045,-1.9199,-0.1960,6.0526,-2.1889,-0.2486,5.4752,-1.9737,-0.2070
220.00,5.8045,-1.9259,-0.2421,6.0593,-2.1908,-0.2946,5.4820,-1.9753,-0.2530
220.50,5.8046,-1.9314,-0.2868,6.0645,-2.1925,-0.3394,5.4872,-1.9768,-0.2979
221.00,5.8046,-1.9364,-0.3302,6.0681,-2.1938,-0.3838,5.4909,-1.9780,-0.3422
221.50,5.8046,-1.9410,-0.3723,6.0725,-2.1957,-0.4262,5.4953,-1.9797,-0.3846
222.00,5.8047,-1.9450,-0.4133,6.0761,-2.1974,-0.4669,5.4990,-1.9813,-0.4253
222.50,5.8047,-1.9486,-0.4531,6.0782,-2.1985,-0.5068,5.5011,-1.9823,-0.4652
223.00,5.8048,-1.9517,-0.4919,6.0809,-2.2001,-0.5454,5.5039,-1.9838,-0.5039
223.50,5.8048,-1.9543,-0.5297,6.0834,-2.2017,-0.5836,5.5065,-1.9852,-0.5421
224.00,5.8049,-1.9564,-0.5664,6.0853,-2.2030,-0.6205,5.5084,-1.9864,-0.5790
224.50,5.8240,-1.9690,-0.6507,6.1021,-2.2161,-0.6988,5.5257,-1.9989,-0.6572
225.00,5.8884,-2.0248,-0.7712,6.1634,-2.2763,-0.8244,5.5595,-2.0864,-0.7828
225.50,5.9797,-2.1155,-0.7714,6.2513,-2.3742,-0.8331,5.6514,-2.1706,-0.7915
226.00,6.0731,-2.2059,-0.7844,6.3420,-2.4728,-0.8401,5.7361,-2.2654,-0.7938
226.50,6.1634,-2.2998,-0.8207,6.4332,-2.5788,-0.8785,5.8221,-2.3571,-0.8335
227.00,6.2523,-2.3944,-0.8108,6.5181,-2.6809,-0.8705,5.9115,-2.4552,-0.8267
227.50,6.3419,-2.4887,-0.8137,6.6016,-2.7798,-0.8718,5.9993,-2.5503,-0.8267
228.00,6.4297,-2.5848,-0.8543,6.6778,-2.8729,-0.9112,6.0795,-2.6399,-0.8661
228.50,6.5136,-2.6840,-0.8753,6.7580,-2.9798,-0.9366,6.1748,-2.7529,-0.8950
229.00,6.5978,-2.7832,-0.8516,6.8369,-3.0855,-0.9146,6.2477,-2.8454,-0.8660
229.50,6.6851,-2.8793,-0.8212,6.9216,-3.1915,-0.8818,6.3474,-2.9471,-0.8332
230.00,6.7723,-2.9758,-0.8632,7.0036,-3.2933,-0.9205,6.4178,-3.0450,-0.8719
230.50,6.8555,-3.0756,-0.8748,7.0829,-3.4009,-0.9376,6.4989,-3.1484,-0.8925
231.00,6.9388,-3.1754,-0.8889,7.1607,-3.5064,-0.9468,6.5911,-3.2467,-0.8983
231.50,7.0189,-3.2776,-0.9013,7.2343,-3.6129,-0.9670,6.6597,-3.3434,-0.9149
232.00,7.0925,-3.3677,-0.8706,7.3054,-3.7129,-0.9352,6.7423,-3.4458,-0.8854
232.50,7.1296,-3.4106,-0.8380,7.3432,-3.7628,-0.9031,6.7797,-3.4914,-0.8523
233.00,7.1331,-3.4141,-0.8047,7.3473,-3.7679,-0.8696,6.7801,-3.4927,-0.8176
233.50,7.1329,-3.4141,-0.7705,7.3473,-3.7680,-0.8354,6.7802,-3.4928,-0.7833
234.00,7.1325,-3.4142,-0.7371,7.3472,-3.7679,-0.8025,6.7801,-3.4927,-0.7505
234.50,7.1324,-3.4142,-0.7046,7.3471,-3.7678,-0.7698,6.7799,-3.4925,-0.7177
235.00,7.1323,-3.4138,-0.6715,7.3468,-3.7676,-0.7371,6.7797,-3.4924,-0.6851
235.50,7.1323,-3.4130,-0.6375,7.3463,-3.7671,-0.7036,6.7792,-3.4920,-0.6515
236.00,7.1322,-3.4118,-0.6026,7.3457,-3.7666,-0.6692,6.7785,-3.4915,-0.6171
236.50,7.1322,-3.4101,-0.5668,7.3445,-3.7657,-0.6331,6.7773,-3.4906,-0.5810
237.00,7.1321,-3.4080,-0.5301,7.3429,-3.7645,-0.5963,6.7756,-3.4895,-0.5442
237.50,7.1321,-3.4054,-0.4923,7.3408,-3.7633,-0.5588,6.7735,-3.4884,-0.5067
238.00,7.1320,-3.4023,-0.4536,7.3382,-3.7617,-0.5200,6.7708,-3.4869,-0.4680
238.50,7.1320,-3.3987,-0.4137,7.3344,-3.7596,-0.4797,6.7669,-3.4851,-0.4277
239.00,7.1320,-3.3947,-0.3728,7.3309,-3.7578,-0.4394,6.7632,-3.4835,-0.3874
239.50,7.1319,-3.3901,-0.3307,7.3265,-3.7559,-0.3975,6.7588,-3.4818,-0.3454
240.00,7.1319,-3.3851,-0.2873,7.3220,-3.7541,-0.3540,6.7542,-3.4802,-0.3019
240.50,7.1319,-3.3796,-0.2426,7.3158,-3.7520,-0.3097,6.7479,-3.4784,-0.2576
241.00,7.1318,-3.3736,-0.1965,7.3098,-3.7502,-0.2636,6.7418,-3.4770,-0.2116
241.50,7.1318,-3.3671,-0.1489,7.3037,-3.7487,-0.2168,6.7356,-3.4758,-0.1647
242.00,7.1318,-3.3601,-0.0997,7.2969,-3.7474,-0.1678,6.7288,-3.4748,-0.1157
242.50,7.1318,-3.3527,-0.0486,7.2870,-3.7459,-0.1169,6.7188,-3.4739,-0.0649
243.00,7.1318,-3.3448,0.0045,7.2794,-3.7453,-0.0637,6.7489,-3.4425,-0.0094
243.50,7.1318,-3.3370,0.0572,7.2876,-3.7456,-0.0105,6.7794,-3.4242,0.0451
244.00,7.1318,-3.3296,0.1080,7.2942,-3.7455,0.0402,6.7859,-3.4237,0.0958
244.50,7.1318,-3.3227,0.1569,7.3003,-3.7450,0.0892,6.7920,-3.4229,0.1447
245.00,7.1318,-3.3163,0.2043,7.3066,-3.7443,0.1363,6.7983,-3.4219,0.1919
245.50,7.1319,-3.3104,0.2501,7.3124,-3.7434,0.1820,6.8041,-3.4206,0.2375
246.00,7.1319,-3.3050,0.2946,7.3190,-3.7420,0.2263,6.8106,-3.4189,0.2818
246.50,7.1319,-3.3051,0.2858,7.3203,-3.7417,0.2229,6.8118,-3.4185,0.2785
247.00,7.1319,-3.3106,0.2411,7.3151,-3.7428,0.1783,6.8067,-3.4199,0.2338
247.50,7.1318,-3.3166,0.1950,7.3093,-3.7437,0.1321,6.8009,-3.4211,0.1876
248.00,7.1318,-3.3231,0.1473,7.3024,-3.7445,0.0851,6.7941,-3.4222,0.1407
248.50,7.1318,-3.3301,0.0980,7.2944,-3.7449,0.0358,6.7861,-3.4232,0.0913
249.00,7.1318,-3.3376,0.0468,7.2873,-3.7450,-0.0151,6.7790,-3.4236,0.0404
249.50,7.1318,-3.3455,-0.0063,7.2794,-3.7447,-0.0677,6.7711,-3.4237,-0.0122
250.00,7.1318,-3.3533,-0.0589,7.2874,-3.7454,-0.1207,6.7792,-3.4240,-0.0652
250.50,7.1318,-3.3607,-0.1096,7.2965,-3.7468,-0.1720,6.7884,-3.4249,-0.1165
251.00,7.1318,-3.3675,-0.1586,7.3048,-3.7484,-0.2209,6.7967,-3.4261,-0.1653
251.50,7.1318,-3.3739,-0.2059,7.3116,-3.7501,-0.2680,6.8036,-3.4274,-0.2125
252.00,7.1319,-3.3798,-0.2517,7.3159,-3.7514,-0.3141,6.8079,-3.4284,-0.2585
252.50,7.1319,-3.3833,-0.2781,7.3184,-3.7523,-0.3457,6.8105,-3.4291,-0.2901
253.00,7.1318,-3.3774,-0.1565,7.3123,-3.7504,-0.2353,6.8043,-3.4276,-0.1798
253.50,7.1318,-3.3630,0.0990,7.3095,-3.7495,0.0180,6.8015,-3.4269,0.0735
254.00,7.1319,-3.3408,0.3258,7.3339,-3.7462,0.2474,6.8257,-3.4222,0.3030
254.50,7.1320,-3.3309,0.4215,7.3443,-3.7430,0.3530,6.7960,-3.4090,0.4120
255.00,7.1320,-3.3332,0.3920,7.3422,-3.7436,0.3279,6.7940,-3.4098,0.3869
255.50,7.1319,-3.3375,0.3505,7.3380,-3.7450,0.2862,6.7899,-3.4114,0.3452
256.00,7.1319,-3.3423,0.3077,7.3327,-3.7464,0.2434,6.7847,-3.4132,0.3024
256.50,7.1318,-3.3476,0.2636,7.3273,-3.7477,0.1992,6.7793,-3.4147,0.2582
257.00,7.1318,-3.3533,0.2182,7.3225,-3.7485,0.1541,6.7746,-3.4159,0.2131
257.50,7.1318,-3.3596,0.1713,7.3171,-3.7492,0.1072,6.7692,-3.4169,0.1662
258.00,7.1318,-3.3663,0.1228,7.3085,-3.7500,0.0584,6.7607,-3.4181,0.1175
258.50,7.1318,-3.3736,0.0726,7.3015,-3.7502,0.0090,6.7537,-3.4188,0.0680
259.00,7.1318,-3.3813,0.0205,7.2929,-3.7501,-0.0431,6.7451,-3.4192,0.0159
259.50,7.1318,-3.3892,-0.0329,7.2937,-3.7502,-0.0963,6.7460,-3.4192,-0.0373
260.00,7.1318,-3.3968,-0.0845,7.3011,-3.7511,-0.1481,6.7534,-3.4197,-0.0891
260.50,7.1318,-3.4039,-0.1343,7.3084,-3.7524,-0.1980,6.7608,-3.4206,-0.1390
261.00,7.1318,-3.4105,-0.1824,7.3138,-3.7536,-0.2459,6.7662,-3.4215,-0.1868
261.50,7.1318,-3.4167,-0.2289,7.3204,-3.7554,-0.2926,6.7729,-3.4229,-0.2336
262.00,7.1319,-3.4223,-0.2740,7.3255,-3.7571,-0.3376,6.7781,-3.4242,-0.2785
262.50,7.1319,-3.4275,-0.3178,7.3293,-3.7585,-0.3810,6.7820,-3.4254,-0.3220
263.00,7.1319,-3.4322,-0.3603,7.3328,-3.7600,-0.4241,6.7855,-3.4267,-0.3651
263.50,7.1320,-3.4364,-0.4016,7.3361,-3.7616,-0.4657,6.7890,-3.4281,-0.4066
264.00,7.1320,-3.4401,-0.4417,7.3402,-3.7637,-0.5060,6.7931,-3.4300,-0.4469
264.50,7.1321,-3.4433,-0.4808,7.3430,-3.7653,-0.5451,6.7960,-3.4314,-0.4861
265.00,7.1321,-3.4461,-0.5189,7.3456,-3.7669,-0.5836,6.7987,-3.4329,-0.5246
265.50,7.1321,-3.4484,-0.5559,7.3482,-3.7688,-0.6207,6.8015,-3.4346,-0.5617
266.00,7.1322,-3.4502,-0.5920,7.3498,-3.7700,-0.6567,6.8031,-3.4357,-0.5977
266.50,7.1357,-3.4537,-0.6358,7.3534,-3.7729,-0.6976,6.8069,-3.4384,-0.6386
267.00,7.1774,-3.4881,-0.7517,7.3909,-3.8087,-0.8132,6.8343,-3.5281,-0.7586
267.50,7.2586,-3.5687,-0.7900,7.4639,-3.8915,-0.8602,6.9040,-3.6402,-0.8046
268.00,7.3518,-3.6591,-0.7580,7.5510,-3.9887,-0.8268,6.9923,-3.7328,-0.7655
268.50,7.4441,-3.7510,-0.8185,7.6377,-4.0871,-0.8837,7.0787,-3.8255,-0.8247
269.00,7.5304,-3.8485,-0.8825,7.7217,-4.1954,-0.9458,7.1790,-3.9287,-0.8903
269.50,7.6084,-3.9520,-0.9638,7.7945,-4.3055,-1.0275,7.2578,-4.0245,-0.9720
270.00,7.6774,-4.0615,-1.0334,7.8578,-4.4199,-1.0973,7.3273,-4.1389,-1.0417
270.50,7.7374,-4.1756,-1.1173,7.9118,-4.5355,-1.1779,7.3776,-4.2477,-1.1224
271.00,7.7885,-4.2914,-1.2460,7.9547,-4.6578,-1.3089,7.4311,-4.3710,-1.2582
271.50,7.8159,-4.3638,-1.3006,7.9731,-4.7371,-1.3678,7.4597,-4.4456,-1.3157
272.00,7.8227,-4.3790,-1.3329,7.9769,-4.7571,-1.4059,7.4645,-4.4654,-1.3538
272.50,7.8268,-4.3791,-1.2902,7.9777,-4.7612,-1.3653,7.4656,-4.4694,-1.3132
273.00,7.8319,-4.3791,-1.2467,7.9790,-4.7664,-1.3216,7.4671,-4.4746,-1.2695
273.50,7.8365,-4.3791,-1.2044,7.9803,-4.7711,-1.2789,7.4686,-4.4792,-1.2269
274.00,7.8407,-4.3792,-1.1632,7.9817,-4.7755,-1.2379,7.4702,-4.4835,-1.1859
274.50,7.8443,-4.3792,-1.1232,7.9832,-4.7797,-1.1986,7.4720,-4.4876,-1.1465
275.00,7.8475,-4.3793,-1.0843,7.9848,-4.7836,-1.1595,7.4738,-4.4914,-1.1075
275.50,7.8501,-4.3793,-1.0464,7.9858,-4.7857,-1.1213,7.4749,-4.4935,-1.0692
276.00,7.8524,-4.3794,-1.0095,7.9871,-4.7883,-1.0844,7.4763,-4.4960,-1.0323
276.50,7.8541,-4.3794,-0.9735,7.9883,-4.7906,-1.0490,7.4777,-4.4982,-0.9970
277.00,7.8554,-4.3795,-0.9385,7.9890,-4.7917,-1.0142,7.4966,-4.4604,-0.9516
277.50,7.8563,-4.3795,-0.9044,7.9895,-4.7924,-0.9798,7.4972,-4.4612,-0.9172
278.00,7.8567,-4.3796,-0.8712,7.9896,-4.7927,-0.9467,7.4974,-4.4614,-0.8842
278.50,7.8567,-4.3796,-0.8387,7.9897,-4.7928,-0.9140,7.4975,-4.4615,-0.8515
279.00,7.8567,-4.3793,-0.8054,7.9898,-4.7928,-0.8811,7.4975,-4.4615,-0.8185
279.50,7.8566,-4.3793,-0.7712,7.9897,-4.7927,-0.8474,7.4974,-4.4615,-0.7849
280.00,7.8561,-4.3794,-0.7378,7.9896,-4.7927,-0.8139,7.4974,-4.4614,-0.7513
280.50,7.8560,-4.3794,-0.7053,7.9896,-4.7926,-0.7811,7.4973,-4.4614,-0.7185
281.00,7.8560,-4.3790,-0.6722,7.9894,-4.7925,-0.7482,7.4972,-4.4612,-0.6857
281.50,7.8559,-4.3782,-0.6382,7.9888,-4.7919,-0.7143,7.4965,-4.4607,-0.6517
282.00,7.8558,-4.3770,-0.6034,7.9881,-4.7913,-0.6797,7.4958,-4.4602,-0.6172
282.50,7.8558,-4.3753,-0.5676,7.9867,-4.7903,-0.6443,7.4943,-4.4592,-0.5818
283.00,7.8557,-4.3732,-0.5309,7.9843,-4.7885,-0.6079,7.4918,-4.4576,-0.5453
283.50,7.8557,-4.3706,-0.4931,7.9814,-4.7866,-0.5710,7.4887,-4.4558,-0.5084
284.00,7.8557,-4.3675,-0.4544,7.9783,-4.7847,-0.5323,7.4856,-4.4541,-0.4698
284.50,7.8556,-4.3640,-0.4146,7.9753,-4.7830,-0.4930,7.4825,-4.4527,-0.4305
285.00,7.8556,-4.3599,-0.3737,7.9707,-4.7807,-0.4526,7.4777,-4.4506,-0.3900
285.50,7.8555,-4.3554,-0.3316,7.9667,-4.7788,-0.4110,7.4736,-4.4490,-0.3485
286.00,7.8555,-4.3504,-0.2882,7.9611,-4.7765,-0.3677,7.4679,-4.4471,-0.3052
286.50,7.8555,-4.3449,-0.2436,7.9557,-4.7746,-0.3232,7.4623,-4.4454,-0.2606
287.00,7.8554,-4.3389,-0.1975,7.9497,-4.7727,-0.2770,7.4563,-4.4440,-0.2145
287.50,7.8554,-4.3324,-0.1500,7.9441,-4.7713,-0.2297,7.4821,-4.4303,-0.1672
288.00,7.8554,-4.3255,-0.1007,7.9391,-4.7702,-0.1807,7.4955,-4.4221,-0.1182
288.50,7.8554,-4.3180,-0.0497,7.9314,-4.7690,-0.1304,7.4878,-4.4214,-0.0679
289.00,7.8554,-4.3102,0.0033,7.9227,-4.7681,-0.0784,7.4791,-4.4210,-0.0158
289.50,7.8554,-4.3023,0.0561,7.9294,-4.7684,-0.0250,7.4858,-4.4210,0.0376
290.00,7.8554,-4.2949,0.1069,7.9377,-4.7684,0.0255,7.4941,-4.4204,0.0880
290.50,7.8554,-4.2881,0.1559,7.9449,-4.7681,0.0743,7.5011,-4.4196,0.1368
291.00,7.8554,-4.2816,0.2033,7.9514,-4.7674,0.1213,7.5077,-4.4186,0.1838
291.50,7.8555,-4.2757,0.2492,7.9578,-4.7665,0.1671,7.5139,-4.4173,0.2296
292.00,7.8555,-4.2718,0.2870,7.9618,-4.7657,0.2047,7.5179,-4.4163,0.2672
292.50,7.8555,-4.2667,0.3303,7.9668,-4.7646,0.2478,7.5228,-4.4148,0.3103
293.00,7.8556,-4.2622,0.3725,7.9714,-4.7633,0.2896,7.5273,-4.4133,0.3522
293.50,7.8556,-4.2582,0.4134,7.9753,-4.7621,0.3303,7.5312,-4.4117,0.3928
294.00,7.8556,-4.2546,0.4533,7.9786,-4.7609,0.3703,7.5343,-4.4104,0.4328
294.50,7.8557,-4.2515,0.4921,7.9823,-4.7594,0.4096,7.5380,-4.4086,0.4721
295.00,7.8557,-4.2489,0.5298,7.9845,-4.7583,0.4479,7.5401,-4.4075,0.5105
295.50,7.8558,-4.2467,0.5666,7.9871,-4.7570,0.4838,7.5426,-4.4060,0.5463
296.00,7.8558,-4.2450,0.6024,7.9887,-4.7562,0.5193,7.5442,-4.4050,0.5818
296.50,7.8559,-4.2438,0.6373,7.9893,-4.7558,0.5537,7.5447,-4.4046,0.6162
297.00,7.8559,-4.2430,0.6713,7.9900,-4.7554,0.5872,7.5062,-4.3253,0.6567
297.50,7.8560,-4.2426,0.7044,7.9902,-4.7553,0.6204,7.5063,-4.3252,0.6899
298.00,7.8560,-4.2427,0.7369,7.9900,-4.7554,0.6523,7.5062,-4.3253,0.7218
298.50,7.8557,-4.2427,0.7703,7.9897,-4.7556,0.6852,7.5059,-4.3256,0.7547
299.00,7.8557,-4.2429,0.8045,7.9895,-4.7558,0.7195,7.5057,-4.3258,0.7890
299.50,7.8558,-4.2433,0.8377,7.9895,-4.7558,0.7528,7.5057,-4.3258,0.8223
300.00,7.8558,-4.2434,0.8702,7.9895,-4.7558,0.7850,7.5057,-4.3258,0.8545
300.50,7.8554,-4.2434,0.9035,7.9891,-4.7562,0.8177,7.5053,-4.3262,0.8872
301.00,7.8545,-4.2435,0.9375,7.9886,-4.7568,0.8519,7.5049,-4.3268,0.9214
301.50,7.8532,-4.2435,0.9725,7.9876,-4.7579,0.8869,7.5040,-4.3280,0.9564
302.00,7.8515,-4.2436,1.0085,7.9866,-4.7592,0.9228,7.5031,-4.3293,0.9923
302.50,7.8493,-4.2436,1.0453,7.9854,-4.7609,0.9594,7.5020,-4.3312,1.0289
303.00,7.8466,-4.2437,1.0832,7.9838,-4.7632,0.9969,7.5006,-4.3336,1.0664
303.50,7.8434,-4.2437,1.1221,7.9820,-4.7661,1.0357,7.4990,-4.3366,1.1052
304.00,7.8398,-4.2438,1.1621,7.9800,-4.7697,1.0752,7.4972,-4.3403,1.1448
304.50,7.8357,-4.2438,1.2032,7.9783,-4.7731,1.1156,7.4957,-4.3438,1.1851
305.00,7.8311,-4.2439,1.2454,7.9765,-4.7768,1.1578,7.4942,-4.3476,1.2273
305.50,7.8260,-4.2439,1.2889,7.9746,-4.7815,1.2014,7.4926,-4.3524,1.2709
306.00,7.8205,-4.2439,1.3338,7.9729,-4.7860,1.2462,7.4913,-4.3570,1.3157
306.50,7.8144,-4.2439,1.3801,7.9714,-4.7911,1.2922,7.4901,-4.3622,1.3617
307.00,7.8079,-4.2440,1.4279,7.9700,-4.7965,1.3395,7.4890,-4.3677,1.4091
307.50,7.8008,-4.2440,1.4773,7.9686,-4.8028,1.3889,7.4589,-4.3342,1.4619
308.00,7.7933,-4.2440,1.5287,7.9676,-4.8095,1.4402,7.4583,-4.3410,1.5132
308.50,7.7854,-4.2432,1.5844,7.9669,-4.8156,1.4929,7.4581,-4.3471,1.5659
309.00,7.7708,-4.2019,1.7160,7.9671,-4.7750,1.6253,7.4553,-4.3066,1.6983
309.50,7.7448,-4.0998,1.8008,7.9568,-4.6713,1.7115,7.3975,-4.1839,1.7845
310.00,7.7121,-3.9737,1.8255,7.9366,-4.5458,1.7390,7.3678,-4.0603,1.8050
310.50,7.6732,-3.8493,1.9186,7.9090,-4.4147,1.8294,7.3315,-3.9213,1.8919
311.00,7.6251,-3.7295,2.0082,7.8695,-4.2913,1.9212,7.2841,-3.8108,1.9872
311.50,7.5712,-3.6118,1.9828,7.8231,-4.1660,1.9057,7.2395,-3.6889,1.9717
312.00,7.5232,-3.4914,1.9528,7.7850,-4.0456,1.8675,7.1935,-3.5713,1.9301
312.50,7.4764,-3.3703,1.9385,7.7484,-3.9232,1.8543,7.1448,-3.4539,1.9214
313.00,7.4245,-3.2499,1.9798,7.7091,-3.7957,1.8912,7.0950,-3.3309,1.9590
313.50,7.3716,-3.1309,1.9796,7.6680,-3.6762,1.8960,7.0382,-3.2136,1.9656
314.00,7.3165,-3.0123,2.0202,7.6258,-3.5554,1.9324,6.9892,-3.0962,2.0037
314.50,7.2564,-2.8962,2.0455,7.5763,-3.4322,1.9620,6.9199,-2.9740,2.0331
315.00,7.1948,-2.7810,2.0680,7.5262,-3.3127,1.9827,6.8650,-2.8628,2.0530
315.50,7.1311,-2.6673,2.0724,7.4716,-3.1915,1.9901,6.7930,-2.7459,2.0605
316.00,7.0680,-2.5534,2.0851,7.4155,-3.0652,1.9986,6.7315,-2.6238,2.0708
316.50,7.0009,-2.4411,2.1091,7.3582,-2.9438,2.0222,6.6661,-2.5167,2.0960
317.00,6.9324,-2.3300,2.1247,7.3001,-2.8262,2.0363,6.6045,-2.4036,2.1111
317.50,6.8657,-2.2189,2.0932,7.2408,-2.7063,2.0085,6.5324,-2.2885,2.0850
318.00,6.8014,-2.1060,2.0976,7.1824,-2.5790,2.0071,6.4743,-2.1804,2.0819
318.50,6.7301,-1.9958,2.1820,7.1223,-2.4598,2.0884,6.4013,-2.0659,2.1648
319.00,6.6498,-1.8937,2.2922,7.0507,-2.3494,2.2027,6.3212,-1.9671,2.2792
319.50,6.5607,-1.7996,2.3493,6.9691,-2.2457,2.2621,6.2280,-1.8699,2.3360
320.00,6.4681,-1.7086,2.3894,6.8869,-2.1499,2.3021,6.1477,-1.7807,2.3742
320.50,6.3719,-1.6214,2.4061,6.7992,-2.0558,2.3259,6.0422,-1.6930,2.4015
321.00,6.3019,-1.5536,2.3001,6.7329,-1.9806,2.2273,5.9702,-1.6188,2.2994
321.50,6.2532,-1.4907,2.0840,6.6880,-1.9090,2.0158,5.9226,-1.5512,2.0823
322.00,6.2133,-1.4026,1.8187,6.6568,-1.8137,1.7502,5.8915,-1.4637,1.8153
322.50,6.1823,-1.2789,1.5314,6.6509,-1.6847,1.4623,5.8759,-1.3398,1.5292
323.00,6.1758,-1.1502,1.3615,6.6775,-1.5581,1.2813,5.8729,-1.2164,1.3500
323.50,6.1934,-1.0252,1.2078,6.7219,-1.4389,1.1315,5.8878,-1.0946,1.2054
324.00,6.2349,-0.9089,1.0172,6.7880,-1.3291,0.9361,5.9197,-0.9801,1.0064
324.50,6.3059,-0.8035,0.8844,6.8718,-1.2309,0.7975,5.9911,-0.8721,0.8749
325.00,6.3899,-0.7044,0.8703,6.9643,-1.1400,0.7749,6.0762,-0.7743,0.8522
325.50,6.4716,-0.6034,0.8932,7.0585,-1.0443,0.8019,6.1589,-0.6718,0.8828
326.00,6.5548,-0.5033,0.8646,7.1513,-0.9509,0.7745,6.2457,-0.5711,0.8554
326.50,6.6402,-0.4053,0.8491,7.2440,-0.8622,0.7567,6.3263,-0.4751,0.8358
327.00,6.7236,-0.3059,0.8953,7.3351,-0.7725,0.8013,6.4174,-0.3739,0.8822
327.50,6.8025,-0.2031,0.9281,7.4304,-0.6707,0.8335,6.5035,-0.2645,0.9161
328.00,6.8799,-0.0987,0.9307,7.5166,-0.5749,0.8372,6.5651,-0.1676,0.9198
328.50,6.9593,0.0045,0.9059,7.6047,-0.4795,0.8099,6.6621,-0.0655,0.8960
329.00,7.0383,0.1076,0.9206,7.6977,-0.3802,0.8239,6.7464,0.0414,0.9100
329.50,7.1172,0.2110,0.9157,7.7845,-0.2866,0.8187,6.8117,0.1321,0.9030
330.00,7.1962,0.3143,0.9129,7.8720,-0.1928,0.8155,6.8986,0.2391,0.9016
330.50,7.2764,0.4168,0.9015,7.9596,-0.1007,0.8041,6.9679,0.3384,0.8901
331.00,7.3557,0.5197,0.9478,8.0506,-0.0048,0.8418,7.0603,0.4417,0.9279
331.50,7.4272,0.6286,1.0247,8.1333,0.0971,0.9255,7.1241,0.5539,1.0163
332.00,7.4966,0.7382,0.9733,8.2111,0.1982,0.8827,7.2021,0.6581,0.9688
332.50,7.5745,0.8420,0.8927,8.2996,0.2957,0.7962,7.2918,0.7630,0.8788
333.00,7.6548,0.9442,0.9390,8.3896,0.3893,0.8341,7.3637,0.8637,0.9167
333.50,7.7244,1.0409,1.1261,8.4637,0.4831,1.0117,7.4199,0.9632,1.0978
334.00,7.7805,1.1297,1.4077,8.5092,0.5821,1.2907,7.4730,1.0592,1.3802
334.50,7.8219,1.2455,1.7198,8.5246,0.7095,1.6067,7.5070,1.1713,1.6962
335.00,7.8124,1.3714,1.8882,8.5072,0.8363,1.7867,7.5116,1.2885,1.8728
335.50,7.7730,1.4945,1.8859,8.4773,0.9620,1.7947,7.4908,1.4112,1.8773
336.00,7.7385,1.6180,1.7125,8.4563,1.0939,1.6326,7.4588,1.5408,1.7117
336.50,7.7140,1.7467,1.4736,8.4648,1.2264,1.3865,7.4567,1.6734,1.4621
337.00,7.7212,1.8618,1.4022,8.4915,1.3409,1.3073,7.4450,1.7795,1.3829
337.50,7.7359,1.9179,1.3564,8.5098,1.4035,1.2601,7.4488,1.8432,1.3393
338.00,7.7424,1.9230,1.3112,8.5134,1.4142,1.2145,7.4515,1.8543,1.2936
338.50,7.7478,1.9231,1.2670,8.5154,1.4194,1.1705,7.4531,1.8596,1.2497
339.00,7.7526,1.9231,1.2241,8.5175,1.4244,1.1277,7.4548,1.8647,1.2068
339.50,7.7570,1.9232,1.1825,8.5192,1.4279,1.0860,7.4563,1.8683,1.1651
340.00,7.7608,1.9232,1.1419,8.5210,1.4311,1.0452,7.4578,1.8717,1.1243
340.50,7.7642,1.9232,1.1025,8.5229,1.4342,1.0056,7.4594,1.8749,1.0847
341.00,7.7671,1.9233,1.0641,8.5241,1.4360,0.9675,7.4605,1.8768,1.0466
341.50,7.7696,1.9233,1.0268,8.5256,1.4381,0.9297,7.4618,1.8790,1.0088
342.00,7.7732,1.9269,0.9815,8.5288,1.4423,0.8876,7.4647,1.8834,0.9667
342.50,7.8038,1.9702,0.8785,8.5633,1.4800,0.7852,7.5149,1.8986,0.8643
343.00,7.8782,2.0570,0.8611,8.6481,1.5613,0.7618,7.6042,1.9715,0.8410
343.50,7.9624,2.1560,0.8669,8.7430,1.6528,0.7693,7.6818,2.0700,0.8519
344.00,8.0481,2.2539,0.8333,8.8366,1.7409,0.7383,7.7677,2.1656,0.8174
344.50,8.1367,2.3493,0.8127,8.9386,1.8312,0.7147,7.8621,2.2638,0.7903
345.00,8.2259,2.4438,0.8164,9.0372,1.9169,0.7191,7.9544,2.3563,0.8052
345.50,8.3152,2.5382,0.8192,9.1387,2.0051,0.7194,8.0478,2.4492,0.8020
346.00,8.4037,2.6333,0.8313,9.2387,2.0934,0.7303,8.1301,2.5394,0.8094
346.50,8.4907,2.7298,0.8379,9.3352,2.1812,0.7399,8.2194,2.6345,0.8190
347.00,8.5781,2.8262,0.8275,9.4336,2.2704,0.7325,8.3104,2.7312,0.8116
347.50,8.6674,2.9210,0.8005,9.5343,2.3583,0.7050,8.4039,2.8268,0.7841
348.00,8.7591,3.0131,0.7767,9.6338,2.4406,0.6797,8.4965,2.9067,0.7588
348.50,8.8503,3.1054,0.8274,9.7344,2.5241,0.7251,8.5903,3.0079,0.8030
349.00,8.9371,3.2021,0.8318,9.8283,2.6099,0.7376,8.6771,3.1007,0.8202
349.50,9.0283,3.2953,0.7576,9.9299,2.6956,0.6601,8.7712,3.1945,0.7392
350.00,9.1243,3.3831,0.7389,10.0342,2.7737,0.6365,8.8694,3.2803,0.7225
350.50,9.2114,3.4679,0.8356,10.1315,2.8503,0.7249,8.9600,3.3647,0.8110
351.00,9.2814,3.5633,1.0310,10.2115,2.9357,0.9180,9.0326,3.4564,1.0063
351.50,9.3433,3.6757,1.2682,10.2811,3.0514,1.1526,9.0919,3.5777,1.2421
352.00,9.3946,3.8019,1.5055,10.3214,3.1838,1.3966,9.1267,3.6969,1.4862
352.50,9.4118,3.9318,1.6184,10.3355,3.3162,1.5188,9.1519,3.8264,1.6014
353.00,9.4112,4.0612,1.7020,10.3366,3.4424,1.6072,9.1624,3.9422,1.6863
353.50,9.3960,4.1900,1.6893,10.3301,3.5764,1.6058,9.1551,4.0853,1.6815
354.00,9.3860,4.3197,1.5134,10.3352,3.7079,1.4315,9.1494,4.2068,1.4992
354.50,9.3916,4.4485,1.4644,10.3602,3.8424,1.3701,9.1560,4.3424,1.4422
355.00,9.3999,4.5781,1.6090,10.3796,3.9686,1.5029,9.1664,4.4597,1.5750
355.50,9.3972,4.7069,1.7666,10.3758,4.1018,1.6727,9.1529,4.6023,1.7448
356.00,9.3737,4.8343,1.7416,10.3616,4.2313,1.6587,9.1456,4.7203,1.7309
356.50,9.3568,4.9636,1.6117,10.3589,4.3616,1.5261,9.1370,4.8501,1.5948
357.00,9.3510,5.0935,1.6094,10.3662,4.4930,1.5157,9.1289,4.9816,1.5808
357.50,9.3401,5.2230,1.6951,10.3686,4.6275,1.5968,9.1191,5.1059,1.6689
358.00,9.3203,5.3505,1.8621,10.3563,4.7622,1.7547,9.0971,5.2394,1.8246
358.50,9.2886,5.4663,2.0930,10.3221,4.8761,1.9859,9.0656,5.3508,2.0615
359.00,9.2281,5.5594,2.3129,10.2682,4.9707,2.2062,9.0208,5.4473,2.2783
359.50,9.1440,5.6330,2.5290,10.1925,5.0537,2.4246,8.9392,5.5282,2.4946
360.00,9.0352,5.6974,2.7494,10.0901,5.1258,2.6415,8.8257,5.5931,2.7123
360.50,8.9146,5.7534,3.0078,9.9644,5.1751,2.9000,8.7068,5.6433,2.9687
361.00,8.7850,5.7890,-3.0425,9.8263,5.1912,-3.1404,8.5780,5.6761,-3.0705
361.50,8.6564,5.7799,-2.9765,9.6914,5.1843,-3.0620,8.4538,5.6930,-3.0003
362.00,8.5275,5.7638,-3.0893,9.5614,5.1784,3.1200,8.3245,5.6788,-3.1050
362.50,8.3976,5.7580,3.0817,9.4309,5.1910,2.9953,8.1935,5.6836,3.0500
363.00,8.2677,5.7618,3.1375,9.2987,5.2084,3.0432,8.0606,5.6842,3.1035
363.50,8.1380,5.7566,-3.0294,9.1665,5.2153,-3.1329,7.9283,5.6827,-3.0747
364.00,8.0112,5.7426,-2.8199,9.0366,5.2027,-2.9308,7.8058,5.6629,-2.8634
364.50,7.8946,5.7088,-2.6032,8.9169,5.1636,-2.7113,7.6926,5.6360,-2.6392
365.00,7.7990,5.6435,-2.3897,8.8164,5.1046,-2.4981,7.5865,5.5801,-2.4260
365.50,7.7219,5.5580,-2.1756,8.7285,5.0237,-2.2850,7.5043,5.4933,-2.2129
366.00,7.6605,5.4493,-1.9507,8.6584,4.9224,-2.0598,7.4414,5.3973,-1.9877
366.50,7.6079,5.3252,-1.7178,8.6106,4.8019,-1.8283,7.3964,5.2736,-1.7584
367.00,7.5745,5.1956,-1.5363,8.5888,4.6644,-1.6398,7.3602,5.1349,-1.5677
367.50,7.5700,5.0663,-1.4125,8.5885,4.5316,-1.5158,7.3497,5.0124,-1.4472
368.00,7.5885,4.9382,-1.4169,8.5978,4.4007,-1.5082,7.3576,4.8824,-1.4361
368.50,7.6022,4.8089,-1.5206,8.5986,4.2716,-1.6159,7.3581,4.7538,-1.5507
369.00,7.6115,4.6791,-1.4881,8.5937,4.1389,-1.5882,7.3618,4.6211,-1.5230
369.50,7.6200,4.5495,-1.5132,8.5907,3.9975,-1.6092,7.3716,4.4898,-1.5406
370.00,7.6228,4.4196,-1.5417,8.5824,3.8682,-1.6442,7.3685,4.3602,-1.5756
370.50,7.6206,4.2896,-1.5750,8.5707,3.7336,-1.6765,7.3661,4.2314,-1.6044
371.00,7.6188,4.1596,-1.5633,8.5564,3.6057,-1.6694,7.3510,4.1065,-1.5973
371.50,7.6215,4.0296,-1.5674,8.5450,3.4760,-1.6715,7.3492,3.9763,-1.5993
372.00,7.6160,3.8997,-1.6061,8.5288,3.3433,-1.7103,7.3426,3.8428,-1.6382
372.50,7.6154,3.7697,-1.5839,8.5113,3.2115,-1.6898,7.3345,3.7101,-1.6177
373.00,7.6196,3.6397,-1.5567,8.4968,3.0743,-1.6629,7.3298,3.5822,-1.5908
373.50,7.6240,3.5098,-1.5502,8.4854,2.9396,-1.6533,7.3379,3.4470,-1.5776
374.00,7.6228,3.3798,-1.5753,8.4720,2.8078,-1.6797,7.3344,3.3246,-1.6041
374.50,7.6250,3.2498,-1.5612,8.4581,2.6731,-1.6655,7.3305,3.1893,-1.5934
375.00,7.6291,3.1198,-1.5483,8.4459,2.5347,-1.6527,7.3283,3.0503,-1.5806
375.50,7.6333,2.9898,-1.5425,8.4359,2.4079,-1.6461,7.3276,2.9331,-1.5762
376.00,7.6380,2.8599,-1.5362,8.4261,2.2767,-1.6416,7.3270,2.8017,-1.5729
376.50,7.6429,2.7300,-1.5351,8.4173,2.1477,-1.6396,7.3269,2.6723,-1.5674
377.00,7.6473,2.6000,-1.5358,8.4077,2.0119,-1.6415,7.3273,2.5361,-1.5728
377.50,7.6517,2.4701,-1.5366,8.3982,1.8778,-1.6428,7.3273,2.4117,-1.5729
378.00,7.6597,2.3403,-1.5116,8.3909,1.7482,-1.6135,7.3289,2.2819,-1.5414
378.50,7.6618,2.2104,-1.5609,8.3824,1.6225,-1.6650,7.3297,2.1559,-1.5963
379.00,7.6676,2.0805,-1.5031,8.3730,1.4900,-1.6093,7.3294,2.0232,-1.5407
379.50,7.6817,1.9510,-1.4520,8.3699,1.3540,-1.5611,7.3356,1.8873,-1.4903
380.00,7.7048,1.8226,-1.3846,8.3764,1.2219,-1.4888,7.3614,1.7560,-1.4167
380.50,7.7268,1.6946,-1.3981,8.3861,1.0863,-1.5034,7.3815,1.6315,-1.4357
381.00,7.7556,1.5674,-1.3271,8.3992,0.9535,-1.4321,7.3937,1.4999,-1.3670
381.50,7.7908,1.4417,-1.3089,8.4200,0.8198,-1.4103,7.4266,1.3715,-1.3416
382.00,7.8189,1.3150,-1.4107,8.4365,0.6856,-1.5077,7.4488,1.2351,-1.4425
382.50,7.8382,1.1854,-1.6065,8.4325,0.5492,-1.7008,7.4635,1.1087,-1.6322
383.00,7.8426,1.0565,-1.7576,8.4039,0.4188,-1.8571,7.4636,0.9868,-1.7885
383.50,7.8288,0.9320,-1.9464,8.3598,0.3017,-2.0375,7.4379,0.8668,-1.9711
384.00,7.7864,0.8195,-2.1576,8.2953,0.2022,-2.2523,7.4006,0.7532,-2.1907
384.50,7.7110,0.7160,-2.2676,8.2053,0.1053,-2.3691,7.3264,0.6410,-2.3039
385.00,7.6253,0.6182,-2.3093,8.1098,0.0168,-2.4120,7.2370,0.5563,-2.3469
385.50,7.5383,0.5216,-2.2901,8.0116,-0.0720,-2.3954,7.1386,0.4614,-2.3302
386.00,7.4541,0.4227,-2.2681,7.9153,-0.1634,-2.3722,7.0646,0.3640,-2.3036
386.50,7.3689,0.3244,-2.2975,7.8220,-0.2512,-2.4019,6.9677,0.2698,-2.3368
387.00,7.2824,0.2274,-2.2988,7.7267,-0.3379,-2.4032,6.8880,0.1773,-2.3346
387.50,7.1966,0.1298,-2.2691,7.6338,-0.4231,-2.3776,6.7912,0.0860,-2.3090
388.00,7.1155,0.0286,-2.2378,7.5394,-0.5173,-2.3456,6.7034,-0.0244,-2.2769
388.50,7.0338,-0.0727,-2.2683,7.4495,-0.6076,-2.3737,6.6262,-0.1143,-2.3028
389.00,6.9484,-0.1709,-2.3013,7.3520,-0.6985,-2.4071,6.5391,-0.2082,-2.3350
389.50,6.8607,-0.2670,-2.3177,7.2525,-0.7864,-2.4256,6.4362,-0.3032,-2.3569
390.00,6.7731,-0.3630,-2.3062,7.1531,-0.8746,-2.4114,6.3531,-0.3979,-2.3427
390.50,6.6863,-0.4597,-2.2821,7.0539,-0.9636,-2.3921,6.2627,-0.4870,-2.3213
391.00,6.6028,-0.5592,-2.2643,6.9582,-1.0551,-2.3724,6.1710,-0.5814,-2.3003
391.50,6.5200,-0.6593,-2.2553,6.8653,-1.1454,-2.3661,6.0812,-0.6782,-2.2975
392.00,6.4392,-0.7609,-2.2304,6.7735,-1.2373,-2.3429,5.9895,-0.7761,-2.2707
392.50,6.3636,-0.8674,-2.1070,6.6858,-1.3363,-2.2256,5.9092,-0.8811,-2.1535
393.00,6.3053,-0.9661,-2.0023,6.6173,-1.4376,-2.1141,6.1459,-1.0213,-2.0109
393.50,6.2823,-1.0121,-2.0222,6.5881,-1.4863,-2.1299,6.1214,-1.0604,-2.0302
394.00,6.2780,-1.0147,-2.0609,6.5842,-1.4923,-2.1689,6.1182,-1.0669,-2.0692
394.50,6.2731,-1.0207,-2.0835,6.5805,-1.4975,-2.1954,6.1151,-1.0723,-2.0958
395.00,6.2519,-1.0740,-1.9819,6.5506,-1.5430,-2.1024,6.0880,-1.1137,-2.0028
395.50,6.2332,-1.1602,-1.7207,6.5146,-1.6248,-1.8472,6.0640,-1.2061,-1.7430
396.00,6.2244,-1.2875,-1.5158,6.4945,-1.7505,-1.6310,6.0616,-1.3316,-1.5270
396.50,6.2300,-1.4172,-1.5036,6.4900,-1.8870,-1.6068,6.0641,-1.4679,-1.5071
397.00,6.2332,-1.5471,-1.5596,6.4803,-2.0204,-1.6670,6.0607,-1.5988,-1.5715
397.50,6.2343,-1.6771,-1.5642,6.4676,-2.1527,-1.6693,6.0614,-1.7218,-1.5737
398.00,6.2361,-1.8071,-1.5584,6.4549,-2.2841,-1.6632,6.0629,-1.8542,-1.5714
398.50,6.2355,-1.9371,-1.5775,6.4421,-2.4148,-1.6809,6.0691,-1.9829,-1.5899
399.00,6.2327,-2.0671,-1.5789,6.4267,-2.5458,-1.6872,6.0576,-2.1119,-1.5957
399.50,6.2366,-2.1970,-1.5471,6.4143,-2.6748,-1.6529,6.0609,-2.2417,-1.5602
400.00,6.2370,-2.3270,-1.5648,6.4022,-2.8111,-1.6705,6.0639,-2.3751,-1.5778
400.50,6.2373,-2.4570,-1.5639,6.3887,-2.9392,-1.6716,6.0604,-2.5020,-1.5789
401.00,6.2404,-2.5870,-1.5573,6.3764,-3.0690,-1.6629,6.0629,-2.6325,-1.5702
401.50,6.2403,-2.7170,-1.5634,6.3624,-3.2076,-1.6709,6.0617,-2.7718,-1.5783
402.00,6.2432,-2.8470,-1.5435,6.3501,-3.3361,-1.6520,6.0612,-2.8895,-1.5582
402.50,6.2425,-2.9770,-1.5830,6.3374,-3.4642,-1.6893,6.0584,-3.0182,-1.5920
403.00,6.2433,-3.1070,-1.5677,6.3226,-3.5958,-1.6761,6.0564,-3.1506,-1.5819
403.50,6.2405,-3.2370,-1.5851,6.3078,-3.7286,-1.6921,6.0542,-3.2843,-1.5971
404.00,6.2401,-3.3670,-1.5679,6.2918,-3.8642,-1.6778,6.0518,-3.4144,-1.5817
404.50,6.2377,-3.4970,-1.5843,6.2766,-3.9978,-1.6920,6.0488,-3.5453,-1.5958
405.00,6.2381,-3.6269,-1.5537,6.2606,-4.1365,-1.6662,6.0449,-3.6821,-1.5712
405.50,6.2365,-3.7569,-1.5910,6.2458,-4.2743,-1.6984,6.0472,-3.8074,-1.5994
406.00,6.2290,-3.8868,-1.6212,6.2254,-4.4063,-1.7325,6.0332,-3.9291,-1.6361
406.50,6.2182,-4.0165,-1.6788,6.2025,-4.5326,-1.7862,6.0210,-4.0570,-1.6906
407.00,6.1982,-4.1431,-1.7374,6.1708,-4.6578,-1.8455,6.0026,-4.1819,-1.7495
407.50,6.1824,-4.2287,-1.6906,6.1457,-4.7471,-1.8089,5.9874,-4.2731,-1.7129
408.00,6.1747,-4.2543,-1.6289,6.1393,-4.7776,-1.7418,5.9824,-4.2979,-1.6447
408.50,6.1757,-4.2543,-1.5762,6.1392,-4.7773,-1.6891,5.9824,-4.2976,-1.5920
409.00,6.1860,-4.2719,-1.4688,6.1380,-4.7970,-1.5896,5.9830,-4.3174,-1.4924
409.50,6.2055,-4.3095,-1.3093,6.1408,-4.8402,-1.4223,5.9842,-4.3559,-1.3251
410.00,6.2253,-4.3363,-1.2119,6.1477,-4.8747,-1.3229,6.0139,-4.3855,-1.2239
410.50,6.2428,-4.3600,-1.1352,6.1562,-4.9038,-1.2447,6.0362,-4.3990,-1.1528
411.00,6.2491,-4.3667,-1.0979,6.1598,-4.9137,-1.2051,6.0406,-4.4085,-1.1132
411.50,6.2512,-4.3668,-1.0691,6.1605,-4.9156,-1.1764,6.0415,-4.4103,-1.0845
412.00,6.2532,-4.3668,-1.0409,6.1610,-4.9169,-1.1484,6.0422,-4.4115,-1.0564
412.50,6.2548,-4.3668,-1.0134,6.1618,-4.9185,-1.1211,6.0431,-4.4131,-1.0292
413.00,6.2548,-4.3668,-1.0118,6.1618,-4.9185,-1.1158,6.0431,-4.4131,-1.0239
413.50,6.2549,-4.3668,-1.0080,6.1618,-4.9187,-1.1167,6.0432,-4.4132,-1.0247
414.00,6.2549,-4.3668,-1.0080,6.1618,-4.9187,-1.1169,6.0432,-4.4132,-1.0250
414.50,6.2549,-4.3668,-1.0080,6.1618,-4.9187,-1.1169,6.0432,-4.4132,-1.0250
415.00,6.2549,-4.3668,-1.0080,6.1618,-4.9187,-1.1170,6.0432,-4.4132,-1.0250
415.50,6.2549,-4.3668,-1.0080,6.1618,-4.9187,-1.1169,6.0432,-4.4132,-1.0249
416.00,6.2549,-4.3668,-1.0080,6.1618,-4.9187,-1.1167,6.0432,-4.4132,-1.0247
416.50,6.2549,-4.3668,-1.0080,6.1618,-4.9187,-1.1165,6.0432,-4.4132,-1.0246
417.00,6.2549,-4.3668,-1.0080,6.1618,-4.9187,-1.1169,6.0432,-4.4132,-1.0250
417.50,6.2549,-4.3668,-1.0080,6.1618,-4.9187,-1.1173,6.0432,-4.4132,-1.0254
418.00,6.2549,-4.3668,-1.0080,6.1618,-4.9187,-1.1173,6.0432,-4.4132,-1.0253
418.50,6.2549,-4.3668,-1.0080,6.1618,-4.9187,-1.1174,6.0432,-4.4132,-1.0254
419.00,6.2549,-4.3668,-1.0080,6.1618,-4.9187,-1.1179,6.0432,-4.4132,-1.0260
419.50,6.2549,-4.3668,-1.0080,6.1618,-4.9187,-1.1181,6.0432,-4.4132,-1.0262
420.00,6.2549,-4.3668,-1.0080,6.1618,-4.9187,-1.1186,6.0432,-4.4132,-1.0266
420.50,6.2549,-4.3668,-1.0080,6.1618,-4.9187,-1.1184,6.0432,-4.4132,-1.0265
421.00,6.2549,-4.3668,-1.0080,6.1618,-4.9187,-1.1187,6.0432,-4.4132,-1.0268
421.50,6.2549,-4.3668,-1.0080,6.1618,-4.9187,-1.1190,6.0432,-4.4132,-1.0271
422.00,6.2549,-4.3668,-1.0080,6.1618,-4.9187,-1.1192,6.0432,-4.4132,-1.0272
422.50,6.2549,-4.3668,-1.0080,6.1618,-4.9187,-1.1188,6.0432,-4.4132,-1.0268
423.00,6.2549,-4.3668,-1.0080,6.1618,-4.9187,-1.1190,6.0432,-4.4132,-1.0270
423.50,6.2549,-4.3668,-1.0080,6.1618,-4.9187,-1.1189,6.0432,-4.4132,-1.0270
424.00,6.2549,-4.3668,-1.0080,6.1618,-4.9187,-1.1195,6.0432,-4.4132,-1.0276
424.50,6.2549,-4.3668,-1.0080,6.1618,-4.9187,-1.1198,6.0432,-4.4132,-1.0279
425.00,6.2549,-4.3668,-1.0080,6.1618,-4.9187,-1.1200,6.0432,-4.4132,-1.0281
425.50,6.2549,-4.3668,-1.0080,6.1618,-4.9187,-1.1201,6.0432,-4.4132,-1.0281
426.00,6.2549,-4.3668,-1.0080,6.1618,-4.9187,-1.1203,6.0432,-4.4132,-1.0283
426.50,6.2549,-4.3668,-1.0080,6.1618,-4.9187,-1.1209,6.0432,-4.4132,-1.0290
427.00,6.2549,-4.3668,-1.0080,6.1618,-4.9187,-1.1215,6.0432,-4.4132,-1.0296
427.50,6.2549,-4.3668,-1.0080,6.1618,-4.9187,-1.1215,6.0432,-4.4132,-1.0296
428.00,6.2549,-4.3668,-1.0080,6.1618,-4.9187,-1.1218,6.0432,-4.4132,-1.0298
428.50,6.2549,-4.3668,-1.0080,6.1618,-4.9187,-1.1226,6.0432,-4.4132,-1.0306
429.00,6.2549,-4.3668,-1.0080,6.1618,-4.9187,-1.1223,6.0432,-4.4132,-1.0303
429.50,6.2549,-4.3668,-1.0080,6.1618,-4.9187,-1.1222,6.0432,-4.4132,-1.0302
430.00,6.2549,-4.3668,-1.0080,6.1618,-4.9187,-1.1220,6.0432,-4.4132,-1.0301
430.50,6.2549,-4.3668,-1.0080,6.1618,-4.9187,-1.1224,6.0432,-4.4132,-1.0305
431.00,6.2549,-4.3668,-1.0080,6.1618,-4.9187,-1.1225,6.0432,-4.4132,-1.0306
431.50,6.2549,-4.3668,-1.0080,6.1618,-4.9187,-1.1228,6.0432,-4.4132,-1.0309
432.00,6.2549,-4.3668,-1.0080,6.1618,-4.9187,-1.1229,6.0432,-4.4132,-1.0309
432.50,6.2549,-4.3668,-1.0080,6.1618,-4.9187,-1.1224,6.0432,-4.4132,-1.0304
433.00,6.2549,-4.3668,-1.0080,6.1618,-4.9187,-1.1226,6.0432,-4.4132,-1.0306
433.50,6.2549,-4.3668,-1.0080,6.1618,-4.9187,-1.1229,6.0432,-4.4132,-1.0310
434.00,6.2549,-4.3668,-1.0080,6.1618,-4.9187,-1.1222,6.0432,-4.4132,-1.0302
434.50,6.2549,-4.3668,-1.0080,6.1618,-4.9187,-1.1225,6.0432,-4.4132,-1.0306
435.00,6.2549,-4.3668,-1.0080,6.1618,-4.9187,-1.1229,6.0432,-4.4132,-1.0310
435.50,6.2549,-4.3668,-1.0080,6.1618,-4.9187,-1.1232,6.0432,-4.4132,-1.0313
436.00,6.2549,-4.3668,-1.0080,6.1618,-4.9187,-1.1233,6.0432,-4.4132,-1.0313
436.50,6.2549,-4.3668,-1.0080,6.1618,-4.9187,-1.1236,6.0432,-4.4132,-1.0317
437.00,6.2549,-4.3668,-1.0080,6.1618,-4.9187,-1.1239,6.0432,-4.4132,-1.0319
437.50,6.2549,-4.3668,-1.0080,6.1618,-4.9187,-1.1238,6.0432,-4.4132,-1.0318
438.00,6.2549,-4.3668,-1.0080,6.1618,-4.9187,-1.1240,6.0432,-4.4132,-1.0321
438.50,6.2549,-4.3668,-1.0080,6.1618,-4.9187,-1.1239,6.0432,-4.4132,-1.0320
439.00,6.2549,-4.3668,-1.0080,6.1618,-4.9187,-1.1243,6.0432,-4.4132,-1.0323
439.50,6.2549,-4.3668,-1.0080,6.1618,-4.9187,-1.1242,6.0432,-4.4132,-1.0323
440.00,6.2549,-4.3668,-1.0080,6.1618,-4.9187,-1.1243,6.0432,-4.4132,-1.0324
440.50,6.2549,-4.3668,-1.0080,6.1618,-4.9187,-1.1248,6.0432,-4.4132,-1.0328
441.00,6.2549,-4.3668,-1.0080,6.1618,-4.9187,-1.1249,6.0432,-4.4132,-1.0330
441.50,6.2549,-4.3668,-1.0080,6.1618,-4.9187,-1.1250,6.0432,-4.4132,-1.0331
442.00,6.2549,-4.3668,-1.0080,6.1618,-4.9187,-1.1249,6.0432,-4.4132,-1.0330
442.50,6.2549,-4.3668,-1.0080,6.1618,-4.9187,-1.1252,6.0432,-4.4132,-1.0332
443.00,6.2549,-4.3668,-1.0080,6.1618,-4.9187,-1.1255,6.0432,-4.4132,-1.0336
443.50,6.2549,-4.3668,-1.0080,6.1618,-4.9187,-1.1258,6.0432,-4.4132,-1.0338
444.00,6.2549,-4.3668,-1.0080,6.1618,-4.9187,-1.1256,6.0432,-4.4132,-1.0337
444.50,6.2549,-4.3668,-1.0080,6.1618,-4.9187,-1.1254,6.0432,-4.4132,-1.0335
445.00,6.2549,-4.3668,-1.0080,6.1618,-4.9187,-1.1257,6.0432,-4.4132,-1.0337
445.50,6.2549,-4.3668,-1.0080,6.1618,-4.9187,-1.1258,6.0432,-4.4132,-1.0338
446.00,6.2549,-4.3668,-1.0080,6.1618,-4.9187,-1.1256,6.0432,-4.4132,-1.0337
446.50,6.2549,-4.3668,-1.0080,6.1618,-4.9187,-1.1257,6.0432,-4.4132,-1.0337
447.00,6.2549,-4.3668,-1.0080,6.1618,-4.9187,-1.1253,6.0432,-4.4132,-1.0334
447.50,6.2549,-4.3668,-1.0080,6.1618,-4.9187,-1.1253,6.0432,-4.4132,-1.0333
448.00,6.2549,-4.3668,-1.0080,6.1618,-4.9187,-1.1257,6.0432,-4.4132,-1.0337
448.50,6.2549,-4.3668,-1.0080,6.1618,-4.9187,-1.1252,6.0432,-4.4132,-1.0332
449.00,6.2549,-4.3668,-1.0080,6.1618,-4.9187,-1.1260,6.0432,-4.4132,-1.0341
449.50,6.2549,-4.3668,-1.0080,6.1618,-4.9187,-1.1266,6.0432,-4.4132,-1.0347
450.00,6.2549,-4.3668,-1.0080,6.1618,-4.9187,-1.1267,6.0432,-4.4132,-1.0348
450.50,6.2549,-4.3668,-1.0080,6.1618,-4.9187,-1.1266,6.0432,-4.4132,-1.0346
451.00,6.2549,-4.3668,-1.0080,6.1618,-4.9187,-1.1269,6.0432,-4.4132,-1.0349
451.50,6.2549,-4.3668,-1.0080,6.1618,-4.9187,-1.1264,6.0432,-4.4132,-1.0345
452.00,6.2549,-4.3668,-1.0080,6.1618,-4.9187,-1.1265,6.0432,-4.4132,-1.0345
452.50,6.2549,-4.3668,-1.0080,6.1618,-4.9187,-1.1263,6.0432,-4.4132,-1.0344
453.00,6.2549,-4.3668,-1.0080,6.1618,-4.9187,-1.1260,6.0432,-4.4132,-1.0341
453.50,6.2549,-4.3668,-1.0080,6.1618,-4.9187,-1.1266,6.0432,-4.4132,-1.0346
454.00,6.2549,-4.3668,-1.0080,6.1618,-4.9187,-1.1266,6.0432,-4.4132,-1.0346
454.50,6.2549,-4.3668,-1.0080,6.1618,-4.9187,-1.1269,6.0432,-4.4132,-1.0350
455.00,6.2549,-4.3668,-1.0080,6.1618,-4.9187,-1.1271,6.0432,-4.4132,-1.0351
455.50,6.2549,-4.3668,-1.0080,6.1618,-4.9187,-1.1271,6.0432,-4.4132,-1.0351
456.00,6.2549,-4.3668,-1.0080,6.1618,-4.9187,-1.1272,6.0432,-4.4132,-1.0353
456.50,6.2549,-4.3668,-1.0080,6.1618,-4.9187,-1.1271,6.0432,-4.4132,-1.0351
457.00,6.2549,-4.3668,-1.0080,6.1618,-4.9187,-1.1269,6.0432,-4.4132,-1.0350
457.50,6.2549,-4.3668,-1.0080,6.1618,-4.9187,-1.1271,6.0432,-4.4132,-1.0351
458.00,6.2549,-4.3668,-1.0080,6.1618,-4.9187,-1.1270,6.0432,-4.4132,-1.0350
458.50,6.2549,-4.3668,-1.0080,6.1618,-4.9187,-1.1270,6.0432,-4.4132,-1.0351
459.00,6.2549,-4.3668,-1.0080,6.1618,-4.9187,-1.1269,6.0432,-4.4132,-1.0349
459.50,6.2549,-4.3668,-1.0080,6.1618,-4.9187,-1.1268,6.0432,-4.4132,-1.0348
460.00,6.2549,-4.3668,-1.0080,6.1618,-4.9187,-1.1273,6.0432,-4.4132,-1.0353
460.50,6.2549,-4.3668,-1.0080,6.1618,-4.9187,-1.1271,6.0432,-4.4132,-1.0352
461.00,6.2549,-4.3668,-1.0080,6.1618,-4.9187,-1.1268,6.0432,-4.4132,-1.0348
461.50,6.2549,-4.3668,-1.0080,6.1618,-4.9187,-1.1270,6.0432,-4.4132,-1.0350
462.00,6.2549,-4.3668,-1.0080,6.1618,-4.9187,-1.1272,6.0432,-4.4132,-1.0352
462.50,6.2549,-4.3668,-1.0080,6.1618,-4.9187,-1.1275,6.0432,-4.4132,-1.0356
463.00,6.2549,-4.3668,-1.0080,6.1618,-4.9187,-1.1271,6.0432,-4.4132,-1.0351
463.50,6.2549,-4.3668,-1.0080,6.1618,-4.9187,-1.1274,6.0432,-4.4132,-1.0354
464.00,6.2549,-4.3668,-1.0080,6.1618,-4.9187,-1.1278,6.0432,-4.4132,-1.0358
464.50,6.2549,-4.3668,-1.0080,6.1618,-4.9187,-1.1275,6.0432,-4.4132,-1.0355
465.00,6.2549,-4.3668,-1.0080,6.1618,-4.9187,-1.1270,6.0432,-4.4132,-1.0350
465.50,6.2549,-4.3668,-1.0080,6.1618,-4.9187,-1.1269,6.0432,-4.4132,-1.0350
466.00,6.2549,-4.3668,-1.0080,6.1618,-4.9187,-1.1265,6.0432,-4.4132,-1.0346
466.50,6.2549,-4.3668,-1.0080,6.1618,-4.9187,-1.1267,6.0432,-4.4132,-1.0347
467.00,6.2549,-4.3668,-1.0080,6.1618,-4.9187,-1.1268,6.0432,-4.4132,-1.0349
467.50,6.2549,-4.3668,-1.0080,6.1618,-4.9187,-1.1265,6.0432,-4.4132,-1.0346
468.00,6.2549,-4.3668,-1.0080,6.1618,-4.9187,-1.1266,6.0432,-4.4132,-1.0347
468.50,6.2549,-4.3668,-1.0080,6.1618,-4.9187,-1.1272,6.0432,-4.4132,-1.0353
469.00,6.2549,-4.3668,-1.0080,6.1618,-4.9187,-1.1275,6.0432,-4.4132,-1.0355
469.50,6.2549,-4.3668,-1.0080,6.1618,-4.9187,-1.1283,6.0432,-4.4132,-1.0364
470.00,6.2549,-4.3668,-1.0080,6.1618,-4.9187,-1.1287,6.0432,-4.4132,-1.0367
470.50,6.2549,-4.3668,-1.0080,6.1618,-4.9187,-1.1288,6.0432,-4.4132,-1.0369
471.00,6.2549,-4.3668,-1.0080,6.1618,-4.9187,-1.1288,6.0432,-4.4132,-1.0368
471.50,6.2549,-4.3668,-1.0080,6.1618,-4.9187,-1.1293,6.0432,-4.4132,-1.0373
472.00,6.2549,-4.3668,-1.0080,6.1618,-4.9187,-1.1293,6.0432,-4.4132,-1.0374
472.50,6.2549,-4.3668,-1.0080,6.1618,-4.9187,-1.1302,6.0432,-4.4132,-1.0382
473.00,6.2549,-4.3668,-1.0080,6.1618,-4.9187,-1.1299,6.0432,-4.4132,-1.0380
473.50,6.2549,-4.3668,-1.0080,6.1618,-4.9187,-1.1298,6.0432,-4.4132,-1.0378
474.00,6.2549,-4.3668,-1.0080,6.1618,-4.9187,-1.1297,6.0432,-4.4132,-1.0377
474.50,6.2549,-4.3668,-1.0080,6.1618,-4.9187,-1.1297,6.0432,-4.4132,-1.0378
475.00,6.2549,-4.3668,-1.0080,6.1618,-4.9187,-1.1300,6.0432,-4.4132,-1.0381
475.50,6.2549,-4.3668,-1.0080,6.1618,-4.9187,-1.1302,6.0432,-4.4132,-1.0383
476.00,6.2549,-4.3668,-1.0080,6.1618,-4.9187,-1.1304,6.0432,-4.4132,-1.0384
476.50,6.2549,-4.3668,-1.0080,6.1618,-4.9187,-1.1303,6.0432,-4.4132,-1.0384
477.00,6.2549,-4.3668,-1.0080,6.1618,-4.9187,-1.1300,6.0432,-4.4132,-1.0380
477.50,6.2549,-4.3668,-1.0080,6.1618,-4.9187,-1.1303,6.0432,-4.4132,-1.0383
478.00,6.2549,-4.3668,-1.0080,6.1618,-4.9187,-1.1302,6.0432,-4.4132,-1.0382
478.50,6.2549,-4.3668,-1.0080,6.1618,-4.9187,-1.1304,6.0432,-4.4132,-1.0385
479.00,6.2549,-4.3668,-1.0080,6.1618,-4.9187,-1.1306,6.0432,-4.4132,-1.0387
479.50,6.2549,-4.3668,-1.0080,6.1618,-4.9187,-1.1307,6.0432,-4.4132,-1.0387
480.00,6.2549,-4.3668,-1.0080,6.1618,-4.9187,-1.1302,6.0432,-4.4132,-1.0383
480.50,6.2549,-4.3668,-1.0080,6.1618,-4.9187,-1.1308,6.0432,-4.4132,-1.0389
481.00,6.2549,-4.3668,-1.0080,6.1618,-4.9187,-1.1315,6.0432,-4.4132,-1.0395
481.50,6.2549,-4.3668,-1.0080,6.1618,-4.9187,-1.1323,6.0432,-4.4132,-1.0403
482.00,6.2549,-4.3668,-1.0080,6.1618,-4.9187,-1.1322,6.0432,-4.4132,-1.0402
482.50,6.2549,-4.3668,-1.0080,6.1618,-4.9187,-1.1326,6.0432,-4.4132,-1.0407
483.00,6.2549,-4.3668,-1.0080,6.1618,-4.9187,-1.1330,6.0432,-4.4132,-1.0410
483.50,6.2549,-4.3668,-1.0080,6.1618,-4.9187,-1.1330,6.0432,-4.4132,-1.0411
484.00,6.2549,-4.3668,-1.0080,6.1618,-4.9187,-1.1329,6.0432,-4.4132,-1.0410
484.50,6.2549,-4.3668,-1.0080,6.1618,-4.9187,-1.1334,6.0432,-4.4132,-1.0415
485.00,6.2549,-4.3668,-1.0080,6.1618,-4.9187,-1.1336,6.0432,-4.4132,-1.0417
485.50,6.2549,-4.3668,-1.0080,6.1618,-4.9187,-1.1339,6.0432,-4.4132,-1.0420
486.00,6.2549,-4.3668,-1.0080,6.1618,-4.9187,-1.1337,6.0432,-4.4132,-1.0417
486.50,6.2549,-4.3668,-1.0080,6.1618,-4.9187,-1.1343,6.0432,-4.4132,-1.0424
487.00,6.2549,-4.3668,-1.0080,6.1618,-4.9187,-1.1342,6.0432,-4.4132,-1.0422
487.50,6.2549,-4.3668,-1.0080,6.1618,-4.9187,-1.1347,6.0432,-4.4132,-1.0427
488.00,6.2549,-4.3668,-1.0080,6.1618,-4.9187,-1.1348,6.0432,-4.4132,-1.0429
488.50,6.2549,-4.3668,-1.0080,6.1618,-4.9187,-1.1347,6.0432,-4.4132,-1.0428
489.00,6.2549,-4.3668,-1.0080,6.1618,-4.9187,-1.1351,6.0432,-4.4132,-1.0431
489.50,6.2549,-4.3668,-1.0080,6.1618,-4.9187,-1.1350,6.0432,-4.4132,-1.0431
490.00,6.2549,-4.3668,-1.0080,6.1618,-4.9187,-1.1353,6.0432,-4.4132,-1.0434
490.50,6.2549,-4.3668,-1.0080,6.1618,-4.9187,-1.1357,6.0432,-4.4132,-1.0438
491.00,6.2549,-4.3668,-1.0080,6.1618,-4.9187,-1.1357,6.0432,-4.4132,-1.0438
491.50,6.2549,-4.3668,-1.0080,6.1618,-4.9187,-1.1356,6.0432,-4.4132,-1.0436
492.00,6.2549,-4.3668,-1.0080,6.1618,-4.9187,-1.1357,6.0432,-4.4132,-1.0437
492.50,6.2549,-4.3668,-1.0080,6.1618,-4.9187,-1.1362,6.0432,-4.4132,-1.0443
493.00,6.2549,-4.3668,-1.0080,6.1618,-4.9187,-1.1362,6.0432,-4.4132,-1.0442
493.50,6.2549,-4.3668,-1.0080,6.1618,-4.9187,-1.1361,6.0432,-4.4132,-1.0442
494.00,6.2549,-4.3668,-1.0080,6.1618,-4.9187,-1.1363,6.0432,-4.4132,-1.0444
494.50,6.2549,-4.3668,-1.0080,6.1618,-4.9187,-1.1361,6.0432,-4.4132,-1.0442
495.00,6.2549,-4.3668,-1.0080,6.1618,-4.9187,-1.1365,6.0432,-4.4132,-1.0446
495.50,6.2549,-4.3668,-1.0080,6.1618,-4.9187,-1.1363,6.0432,-4.4132,-1.0444
496.00,6.2549,-4.3668,-1.0080,6.1618,-4.9187,-1.1367,6.0432,-4.4132,-1.0447
496.50,6.2549,-4.3668,-1.0080,6.1618,-4.9187,-1.1369,6.0432,-4.4132,-1.0450
497.00,6.2549,-4.3668,-1.0080,6.1618,-4.9187,-1.1367,6.0432,-4.4132,-1.0448
497.50,6.2549,-4.3668,-1.0080,6.1618,-4.9187,-1.1369,6.0432,-4.4132,-1.0450
498.00,6.2549,-4.3668,-1.0080,6.1618,-4.9187,-1.1372,6.0432,-4.4132,-1.0452
498.50,6.2549,-4.3668,-1.0080,6.1618,-4.9187,-1.1372,6.0432,-4.4132,-1.0452
499.00,6.2549,-4.3668,-1.0080,6.1618,-4.9187,-1.1371,6.0432,-4.4132,-1.0452
499.50,6.2549,-4.3668,-1.0080,6.1618,-4.9187,-1.1371,6.0432,-4.4132,-1.0452
500.00,6.2549,-4.3668,-1.0080,6.1618,-4.9187,-1.1374,6.0432,-4.4132,-1.0454
500.50,6.2549,-4.3668,-1.0080,6.1618,-4.9187,-1.1372,6.0432,-4.4132,-1.0453
501.00,6.2549,-4.3668,-1.0080,6.1618,-4.9187,-1.1375,6.0432,-4.4132,-1.0455
501.50,6.2549,-4.3668,-1.0080,6.1618,-4.9187,-1.1380,6.0432,-4.4132,-1.0460
502.00,6.2549,-4.3668,-1.0080,6.1618,-4.9187,-1.1378,6.0432,-4.4132,-1.0459
502.50,6.2549,-4.3668,-1.0080,6.1618,-4.9187,-1.1387,6.0432,-4.4132,-1.0468
503.00,6.2549,-4.3668,-1.0080,6.1618,-4.9187,-1.1389,6.0432,-4.4132,-1.0470
503.50,6.2549,-4.3668,-1.0080,6.1618,-4.9187,-1.1394,6.0432,-4.4132,-1.0475
504.00,6.2549,-4.3668,-1.0080,6.1618,-4.9187,-1.1394,6.0432,-4.4132,-1.0475
504.50,6.2549,-4.3668,-1.0080,6.1618,-4.9187,-1.1395,6.0432,-4.4132,-1.0475
505.00,6.2549,-4.3668,-1.0080,6.1618,-4.9187,-1.1395,6.0432,-4.4132,-1.0475
505.50,6.2549,-4.3668,-1.0080,6.1618,-4.9187,-1.1397,6.0432,-4.4132,-1.0478
506.00,6.2549,-4.3668,-1.0080,6.1618,-4.9187,-1.1394,6.0432,-4.4132,-1.0474
506.50,6.2549,-4.3668,-1.0080,6.1618,-4.9187,-1.1395,6.0432,-4.4132,-1.0476
507.00,6.2549,-4.3668,-1.0080,6.1618,-4.9187,-1.1395,6.0432,-4.4132,-1.0476
507.50,6.2549,-4.3668,-1.0080,6.1618,-4.9187,-1.1396,6.0432,-4.4132,-1.0477
508.00,6.2549,-4.3668,-1.0080,6.1618,-4.9187,-1.1398,6.0432,-4.4132,-1.0479
508.50,6.2549,-4.3668,-1.0080,6.1618,-4.9187,-1.1399,6.0432,-4.4132,-1.0479
509.00,6.2549,-4.3668,-1.0080,6.1618,-4.9187,-1.1398,6.0432,-4.4132,-1.0479
509.50,6.2549,-4.3668,-1.0080,6.1618,-4.9187,-1.1404,6.0432,-4.4132,-1.0485
510.00,6.2549,-4.3668,-1.0080,6.1618,-4.9187,-1.1402,6.0432,-4.4132,-1.0483
510.50,6.2549,-4.3668,-1.0080,6.1618,-4.9187,-1.1402,6.0432,-4.4132,-1.0483
511.00,6.2549,-4.3668,-1.0080,6.1618,-4.9187,-1.1407,6.0432,-4.4132,-1.0488
511.50,6.2549,-4.3668,-1.0080,6.1618,-4.9187,-1.1411,6.0432,-4.4132,-1.0491
512.00,6.2549,-4.3668,-1.0080,6.1618,-4.9187,-1.1414,6.0432,-4.4132,-1.0494
512.50,6.2549,-4.3668,-1.0080,6.1618,-4.9187,-1.1418,6.0432,-4.4132,-1.0498
513.00,6.2549,-4.3668,-1.0080,6.1618,-4.9187,-1.1418,6.0432,-4.4132,-1.0498
513.50,6.2549,-4.3668,-1.0080,6.1618,-4.9187,-1.1422,6.0432,-4.4132,-1.0502
514.00,6.2549,-4.3668,-1.0080,6.1618,-4.9187,-1.1422,6.0432,-4.4132,-1.0502
514.50,6.2549,-4.3668,-1.0080,6.1618,-4.9187,-1.1418,6.0432,-4.4132,-1.0499
515.00,6.2549,-4.3668,-1.0080,6.1618,-4.9187,-1.1416,6.0432,-4.4132,-1.0497
515.50,6.2549,-4.3668,-1.0080,6.1618,-4.9187,-1.1419,6.0432,-4.4132,-1.0499
516.00,6.2549,-4.3668,-1.0080,6.1618,-4.9187,-1.1415,6.0432,-4.4132,-1.0496
516.50,6.2549,-4.3668,-1.0080,6.1618,-4.9187,-1.1413,6.0432,-4.4132,-1.0494
517.00,6.2549,-4.3668,-1.0080,6.1618,-4.9187,-1.1414,6.0432,-4.4132,-1.0495
517.50,6.2549,-4.3668,-1.0080,6.1618,-4.9187,-1.1418,6.0432,-4.4132,-1.0499
518.00,6.2549,-4.3668,-1.0080,6.1618,-4.9187,-1.1420,6.0432,-4.4132,-1.0501
518.50,6.2549,-4.3668,-1.0080,6.1618,-4.9187,-1.1417,6.0432,-4.4132,-1.0498
519.00,6.2549,-4.3668,-1.0080,6.1618,-4.9187,-1.1426,6.0432,-4.4132,-1.0507
519.50,6.2549,-4.3668,-1.0080,6.1618,-4.9187,-1.1428,6.0432,-4.4132,-1.0509
520.00,6.2549,-4.3668,-1.0080,6.1618,-4.9187,-1.1430,6.0432,-4.4132,-1.0510
520.50,6.2549,-4.3668,-1.0080,6.1618,-4.9187,-1.1432,6.0432,-4.4132,-1.0512
521.00,6.2549,-4.3668,-1.0080,6.1618,-4.9187,-1.1438,6.0432,-4.4132,-1.0518
521.50,6.2549,-4.3668,-1.0080,6.1618,-4.9187,-1.1434,6.0432,-4.4132,-1.0515
522.00,6.2549,-4.3668,-1.0080,6.1618,-4.9187,-1.1434,6.0432,-4.4132,-1.0515
522.50,6.2549,-4.3668,-1.0080,6.1618,-4.9187,-1.1433,6.0432,-4.4132,-1.0514
523.00,6.2549,-4.3668,-1.0080,6.1618,-4.9187,-1.1430,6.0432,-4.4132,-1.0511
523.50,6.2549,-4.3668,-1.0080,6.1618,-4.9187,-1.1435,6.0432,-4.4132,-1.0515
524.00,6.2549,-4.3668,-1.0080,6.1618,-4.9187,-1.1440,6.0432,-4.4132,-1.0521
524.50,6.2549,-4.3668,-1.0080,6.1618,-4.9187,-1.1441,6.0432,-4.4132,-1.0522
525.00,6.2549,-4.3668,-1.0080,6.1618,-4.9187,-1.1444,6.0432,-4.4132,-1.0524
525.50,6.2549,-4.3668,-1.0080,6.1618,-4.9187,-1.1444,6.0432,-4.4132,-1.0524
526.00,6.2549,-4.3668,-1.0080,6.1618,-4.9187,-1.1444,6.0432,-4.4132,-1.0524
526.50,6.2549,-4.3668,-1.0080,6.1618,-4.9187,-1.1447,6.0432,-4.4132,-1.0528
527.00,6.2549,-4.3668,-1.0080,6.1618,-4.9187,-1.1444,6.0432,-4.4132,-1.0525
527.50,6.2549,-4.3668,-1.0080,6.1618,-4.9187,-1.1448,6.0432,-4.4132,-1.0528
528.00,6.2549,-4.3668,-1.0080,6.1618,-4.9187,-1.1446,6.0432,-4.4132,-1.0526
528.50,6.2549,-4.3668,-1.0080,6.1618,-4.9187,-1.1439,6.0432,-4.4132,-1.0519
529.00,6.2549,-4.3668,-1.0080,6.1618,-4.9187,-1.1440,6.0432,-4.4132,-1.0520
529.50,6.2549,-4.3668,-1.0080,6.1618,-4.9187,-1.1443,6.0432,-4.4132,-1.0523
530.00,6.2549,-4.3668,-1.0080,6.1618,-4.9187,-1.1439,6.0432,-4.4132,-1.0519
530.50,6.2549,-4.3668,-1.0080,6.1618,-4.9187,-1.1438,6.0432,-4.4132,-1.0519
531.00,6.2549,-4.3668,-1.0080,6.1618,-4.9187,-1.1436,6.0432,-4.4132,-1.0517
531.50,6.2549,-4.3668,-1.0080,6.1618,-4.9187,-1.1432,6.0432,-4.4132,-1.0513
532.00,6.2549,-4.3668,-1.0080,6.1618,-4.9187,-1.1434,6.0432,-4.4132,-1.0515
532.50,6.2549,-4.3668,-1.0080,6.1618,-4.9187,-1.1435,6.0432,-4.4132,-1.0516
533.00,6.2549,-4.3668,-1.0080,6.1618,-4.9187,-1.1440,6.0432,-4.4132,-1.0521
533.50,6.2549,-4.3668,-1.0080,6.1618,-4.9187,-1.1442,6.0432,-4.4132,-1.0523
534.00,6.2549,-4.3668,-1.0080,6.1618,-4.9187,-1.1444,6.0432,-4.4132,-1.0525
534.50,6.2549,-4.3668,-1.0080,6.1618,-4.9187,-1.1441,6.0432,-4.4132,-1.0522
535.00,6.2549,-4.3668,-1.0080,6.1618,-4.9187,-1.1442,6.0432,-4.4132,-1.0523
535.50,6.2549,-4.3668,-1.0080,6.1618,-4.9187,-1.1443,6.0432,-4.4132,-1.0524
536.00,6.2549,-4.3668,-1.0080,6.1618,-4.9187,-1.1447,6.0432,-4.4132,-1.0528
536.50,6.2549,-4.3668,-1.0080,6.1618,-4.9187,-1.1447,6.0432,-4.4132,-1.0527
537.00,6.2549,-4.3668,-1.0080,6.1618,-4.9187,-1.1446,6.0432,-4.4132,-1.0526
537.50,6.2549,-4.3668,-1.0080,6.1618,-4.9187,-1.1445,6.0432,-4.4132,-1.0526
538.00,6.2549,-4.3668,-1.0080,6.1618,-4.9187,-1.1445,6.0432,-4.4132,-1.0525
538.50,6.2549,-4.3668,-1.0080,6.1618,-4.9187,-1.1446,6.0432,-4.4132,-1.0526
539.00,6.2549,-4.3668,-1.0080,6.1618,-4.9187,-1.1448,6.0432,-4.4132,-1.0528
539.50,6.2549,-4.3668,-1.0080,6.1618,-4.9187,-1.1443,6.0432,-4.4132,-1.0524
540.00,6.2549,-4.3668,-1.0080,6.1618,-4.9187,-1.1440,6.0432,-4.4132,-1.0520
540.50,6.2549,-4.3668,-1.0080,6.1618,-4.9187,-1.1438,6.0432,-4.4132,-1.0519
541.00,6.2549,-4.3668,-1.0080,6.1618,-4.9187,-1.1436,6.0432,-4.4132,-1.0517
541.50,6.2549,-4.3668,-1.0080,6.1618,-4.9187,-1.1442,6.0432,-4.4132,-1.0522
542.00,6.2549,-4.3668,-1.0080,6.1618,-4.9187,-1.1440,6.0432,-4.4132,-1.0521
542.50,6.2549,-4.3668,-1.0080,6.1618,-4.9187,-1.1440,6.0432,-4.4132,-1.0521
543.00,6.2549,-4.3668,-1.0080,6.1618,-4.9187,-1.1438,6.0432,-4.4132,-1.0519
543.50,6.2549,-4.3668,-1.0080,6.1618,-4.9187,-1.1440,6.0432,-4.4132,-1.0521
544.00,6.2549,-4.3668,-1.0080,6.1618,-4.9187,-1.1439,6.0432,-4.4132,-1.0520
544.50,6.2549,-4.3668,-1.0080,6.1618,-4.9187,-1.1437,6.0432,-4.4132,-1.0518
545.00,6.2549,-4.3668,-1.0080,6.1618,-4.9187,-1.1437,6.0432,-4.4132,-1.0517
545.50,6.2549,-4.3668,-1.0080,6.1618,-4.9187,-1.1434,6.0432,-4.4132,-1.0514
546.00,6.2549,-4.3668,-1.0080,6.1618,-4.9187,-1.1431,6.0432,-4.4132,-1.0512
546.50,6.2549,-4.3668,-1.0080,6.1618,-4.9187,-1.1429,6.0432,-4.4132,-1.0510
547.00,6.2549,-4.3668,-1.0080,6.1618,-4.9187,-1.1429,6.0432,-4.4132,-1.0509
547.50,6.2549,-4.3668,-1.0080,6.1618,-4.9187,-1.1431,6.0432,-4.4132,-1.0512
548.00,6.2549,-4.3668,-1.0080,6.1618,-4.9187,-1.1433,6.0432,-4.4132,-1.0514
548.50,6.2549,-4.3668,-1.0080,6.1618,-4.9187,-1.1435,6.0432,-4.4132,-1.0516
549.00,6.2549,-4.3668,-1.0080,6.1618,-4.9187,-1.1436,6.0432,-4.4132,-1.0517
549.50,6.2549,-4.3668,-1.0080,6.1618,-4.9187,-1.1432,6.0432,-4.4132,-1.0512
550.00,6.2549,-4.3668,-1.0080,6.1618,-4.9187,-1.1428,6.0432,-4.4132,-1.0508
550.50,6.2549,-4.3668,-1.0080,6.1618,-4.9187,-1.1425,6.0432,-4.4132,-1.0506
551.00,6.2549,-4.3668,-1.0080,6.1618,-4.9187,-1.1422,6.0432,-4.4132,-1.0503
551.50,6.2549,-4.3668,-1.0080,6.1618,-4.9187,-1.1422,6.0432,-4.4132,-1.0503
552.00,6.2549,-4.3668,-1.0080,6.1618,-4.9187,-1.1423,6.0432,-4.4132,-1.0503
552.50,6.2549,-4.3668,-1.0080,6.1618,-4.9187,-1.1422,6.0432,-4.4132,-1.0503
553.00,6.2549,-4.3668,-1.0080,6.1618,-4.9187,-1.1424,6.0432,-4.4132,-1.0505
553.50,6.2549,-4.3668,-1.0080,6.1618,-4.9187,-1.1423,6.0432,-4.4132,-1.0503
554.00,6.2549,-4.3668,-1.0080,6.1618,-4.9187,-1.1424,6.0432,-4.4132,-1.0505
554.50,6.2549,-4.3668,-1.0080,6.1618,-4.9187,-1.1425,6.0432,-4.4132,-1.0506
555.00,6.2549,-4.3668,-1.0080,6.1618,-4.9187,-1.1430,6.0432,-4.4132,-1.0511
555.50,6.2549,-4.3668,-1.0080,6.1618,-4.9187,-1.1432,6.0432,-4.4132,-1.0513
556.00,6.2549,-4.3668,-1.0080,6.1618,-4.9187,-1.1427,6.0432,-4.4132,-1.0508
556.50,6.2549,-4.3668,-1.0080,6.1618,-4.9187,-1.1430,6.0432,-4.4132,-1.0510
557.00,6.2549,-4.3668,-1.0080,6.1618,-4.9187,-1.1436,6.0432,-4.4132,-1.0516
557.50,6.2549,-4.3668,-1.0080,6.1618,-4.9187,-1.1438,6.0432,-4.4132,-1.0519
558.00,6.2549,-4.3668,-1.0080,6.1618,-4.9187,-1.1441,6.0432,-4.4132,-1.0521
558.50,6.2549,-4.3668,-1.0080,6.1618,-4.9187,-1.1440,6.0432,-4.4132,-1.0521
559.00,6.2549,-4.3668,-1.0080,6.1618,-4.9187,-1.1441,6.0432,-4.4132,-1.0522
559.50,6.2549,-4.3668,-1.0080,6.1618,-4.9187,-1.1442,6.0432,-4.4132,-1.0523
560.00,6.2549,-4.3668,-1.0080,6.1618,-4.9187,-1.1445,6.0432,-4.4132,-1.0526
560.50,6.2549,-4.3668,-1.0080,6.1618,-4.9187,-1.1449,6.0432,-4.4132,-1.0530
561.00,6.2549,-4.3668,-1.0080,6.1618,-4.9187,-1.1451,6.0432,-4.4132,-1.0531
561.50,6.2549,-4.3668,-1.0080,6.1618,-4.9187,-1.1451,6.0432,-4.4132,-1.0532
562.00,6.2549,-4.3668,-1.0080,6.1618,-4.9187,-1.1452,6.0432,-4.4132,-1.0532
562.50,6.2549,-4.3668,-1.0080,6.1618,-4.9187,-1.1451,6.0432,-4.4132,-1.0531
563.00,6.2549,-4.3668,-1.0080,6.1618,-4.9187,-1.1449,6.0432,-4.4132,-1.0529
563.50,6.2549,-4.3668,-1.0080,6.1618,-4.9187,-1.1445,6.0432,-4.4132,-1.0526
564.00,6.2549,-4.3668,-1.0080,6.1618,-4.9187,-1.1444,6.0432,-4.4132,-1.0525
564.50,6.2549,-4.3668,-1.0080,6.1618,-4.9187,-1.1441,6.0432,-4.4132,-1.0521
565.00,6.2549,-4.3668,-1.0080,6.1618,-4.9187,-1.1442,6.0432,-4.4132,-1.0523
565.50,6.2549,-4.3668,-1.0080,6.1618,-4.9187,-1.1448,6.0432,-4.4132,-1.0529
566.00,6.2549,-4.3668,-1.0080,6.1618,-4.9187,-1.1454,6.0432,-4.4132,-1.0534
566.50,6.2549,-4.3668,-1.0080,6.1618,-4.9187,-1.1448,6.0432,-4.4132,-1.0529
567.00,6.2549,-4.3668,-1.0080,6.1618,-4.9187,-1.1449,6.0432,-4.4132,-1.0529
567.50,6.2549,-4.3668,-1.0080,6.1618,-4.9187,-1.1445,6.0432,-4.4132,-1.0525
568.00,6.2549,-4.3668,-1.0080,6.1618,-4.9187,-1.1444,6.0432,-4.4132,-1.0524
